#include <Arduino.h>
const uint8_t index_js[] PROGMEM = {
  0x1f, 0x8b, 0x08, 0x00, 0x00, 0x00, 0x00, 0x00, 0x00, 0x03, 0xcd, 0xbd,
  0x6d, 0x4f, 0xe4, 0x5a, 0x92, 0x20, 0xfc, 0x57, 0x8c, 0xa7, 0x9b, 0xb2,
  0x2f, 0xce, 0x24, 0x33, 0xa1, 0xea, 0x56, 0x25, 0x18, 0xc4, 0x05, 0xea,
  0x16, 0x7b, 0x29, 0xa8, 0x01, 0xaa, 0x6e, 0x4f, 0xd3, 0x4c, 0xe9, 0x90,
  0x79, 0x20, 0xdd, 0x95, 0x69, 0x67, 0xdb, 0x4e, 0x28, 0x2e, 0x20, 0x8d,
  0xb4, 0x1f, 0xf6, 0xd3, 0x7e, 0xdb, 0x1f, 0xb0, 0x77, 0x57, 0xda, 0xd1,
  0xac, 0x34, 0xd2, 0x4a, 0xad, 0x47, 0x8f, 0xf4, 0x7c, 0x1c, 0xfe, 0xc9,
  0xfc, 0x92, 0x27, 0x22, 0xce, 0xbb, 0xed, 0x04, 0xaa, 0xb7, 0xb7, 0xb5,
  0x33, 0x5d, 0x97, 0xb4, 0x7d, 0x5e, 0xe3, 0xc4, 0x89, 0x13, 0x11, 0x27,
  0x5e, 0xc6, 0xbc, 0xf4, 0xce, 0x59, 0xc1, 0x3f, 0xe6, 0xe3, 0xd8, 0xf7,
  0xd7, 0xae, 0x58, 0xee, 0x0d, 0xb2, 0xf4, 0x22, 0xb9, 0x8c, 0x6f, 0xef,
  0xa3, 0x61, 0x92, 0x97, 0x37, 0xf1, 0x42, 0x37, 0xca, 0xf9, 0x24, 0xbb,
  0xe2, 0xc3, 0xf8, 0xf4, 0x2c, 0x1a, 0x71, 0x36, 0x7d, 0x97, 0x14, 0x65,
  0x96, 0xdf, 0xe0, 0xe3, 0x60, 0x9c, 0x4c, 0x58, 0xc9, 0xd5, 0x1b, 0xa8,
  0x34, 0xce, 0x2e, 0x3f, 0xb0, 0x59, 0x01, 0xa5, 0xa1, 0x22, 0x3c, 0xec,
  0x27, 0x29, 0x2f, 0xb0, 0x68, 0x91, 0xcd, 0xf2, 0x01, 0x8f, 0xd3, 0xd9,
  0x78, 0x1c, 0x5d, 0x70, 0x56, 0xce, 0x72, 0xbe, 0x7b, 0xc5, 0xd3, 0xf2,
  0x1d, 0x4b, 0x87, 0x63, 0x9e, 0x63, 0x99, 0xb5, 0x31, 0x0c, 0xe7, 0x37,
  0x31, 0x8f, 0x37, 0x86, 0xd9, 0x60, 0x36, 0x81, 0x8f, 0xed, 0x4b, 0x5e,
  0xee, 0x8e, 0x39, 0xfe, 0xfc, 0xe1, 0x66, 0x6f, 0x18, 0xf0, 0x30, 0xe2,
  0xc5, 0x00, 0x4b, 0x1c, 0x97, 0x79, 0x92, 0x5e, 0x06, 0xd8, 0x5c, 0x1c,
  0xf3, 0x4d, 0xdf, 0xef, 0xf3, 0xb0, 0x9d, 0xf3, 0xe9, 0x98, 0x0d, 0x78,
  0xb0, 0x7c, 0xba, 0xb8, 0xbe, 0xe1, 0xbf, 0x38, 0x5b, 0xbe, 0x8c, 0xa0,
  0x68, 0x70, 0xeb, 0x2f, 0xfa, 0x7d, 0x7f, 0x91, 0x4d, 0xa6, 0x6b, 0x7e,
  0xe4, 0xaf, 0xe3, 0xef, 0x71, 0x89, 0x3f, 0x37, 0xf0, 0xe7, 0x25, 0xfe,
  0x7c, 0xe1, 0xbf, 0x80, 0x9f, 0x7f, 0x9a, 0x65, 0xf4, 0xfe, 0x05, 0xbe,
  0xff, 0xbb, 0x95, 0x37, 0x6b, 0xfe, 0x7d, 0x78, 0xca, 0xcf, 0xc2, 0x68,
  0xe7, 0x68, 0xef, 0xd3, 0xee, 0xd1, 0x71, 0x7c, 0x7a, 0x7b, 0xd9, 0xf7,
  0xf7, 0x67, 0xbf, 0xf0, 0xc2, 0xe3, 0x5e, 0x99, 0x4d, 0xd8, 0x90, 0x15,
  0x7e, 0x94, 0x94, 0x7c, 0x52, 0xf4, 0x4f, 0x6f, 0xaf, 0xfa, 0xdf, 0x47,
  0x25, 0x7c, 0xdf, 0xfb, 0xf1, 0xdd, 0xc9, 0xe7, 0x0f, 0x1f, 0x8f, 0xdf,
  0xf9, 0x51, 0x4a, 0xc5, 0xbd, 0x7f, 0xfb, 0x7f, 0xbd, 0xf3, 0xac, 0x7c,
  0xf8, 0xef, 0x99, 0x37, 0xe4, 0xde, 0x34, 0xe7, 0x45, 0x01, 0xbf, 0xfd,
  0x68, 0x9a, 0xa4, 0x45, 0xbf, 0x7b, 0x1f, 0x41, 0xcd, 0xd7, 0xa6, 0xe6,
  0xfe, 0xd6, 0xc9, 0xb6, 0x53, 0x35, 0x49, 0x4b, 0x9e, 0xe7, 0xb3, 0x29,
  0xc0, 0xd8, 0xa9, 0xd3, 0xc5, 0x3a, 0xc7, 0x3f, 0xef, 0x41, 0x71, 0xd3,
  0xdd, 0x09, 0x8d, 0xea, 0x19, 0x3d, 0xf6, 0xac, 0xda, 0xa6, 0x4b, 0x53,
  0xbd, 0xa9, 0xd7, 0x33, 0xa8, 0x09, 0x10, 0xd8, 0xc5, 0xe5, 0x26, 0x18,
  0x4c, 0xb3, 0xbc, 0x7c, 0xf8, 0x7f, 0xb8, 0x03, 0x84, 0x15, 0x6c, 0x78,
  0xfb, 0x10, 0x00, 0xf6, 0xf9, 0x78, 0xef, 0xe0, 0xc7, 0xfd, 0x5d, 0x33,
  0x38, 0x51, 0x11, 0x5b, 0x9f, 0x4d, 0xe4, 0xf8, 0x9c, 0x31, 0xad, 0x9a,
  0xaa, 0x3b, 0x1f, 0xb7, 0xf6, 0x9b, 0x2a, 0x0e, 0xb3, 0xa4, 0xa0, 0xaa,
  0xd4, 0x2b, 0xd5, 0xed, 0x51, 0xdd, 0x97, 0x95, 0xba, 0x66, 0x4e, 0x95,
  0xca, 0xd6, 0xc4, 0x2a, 0x4d, 0xbc, 0xc1, 0x26, 0x7e, 0xdc, 0x3a, 0xda,
  0xfa, 0xd1, 0x1a, 0xf3, 0x07, 0x9c, 0x62, 0x65, 0x9c, 0xdd, 0x8e, 0x2c,
  0xb9, 0xb3, 0x7b, 0xf0, 0xf9, 0xd3, 0xd6, 0xfe, 0xa7, 0x5d, 0x2a, 0xfa,
  0xe9, 0xe1, 0xd7, 0xf1, 0xd5, 0x6c, 0xcc, 0x10, 0xe6, 0x39, 0xbf, 0x64,
  0x55, 0xb8, 0x1d, 0xf3, 0xb4, 0x10, 0x9d, 0x1a, 0x68, 0x75, 0xbb, 0xb4,
  0x8c, 0x3b, 0xb0, 0xf0, 0xdd, 0x2e, 0xb5, 0x02, 0x3f, 0xbb, 0x5d, 0x1c,
  0x2d, 0x94, 0x99, 0xf2, 0x1c, 0xb7, 0x0a, 0x03, 0x50, 0x8f, 0x66, 0x93,
  0x64, 0xc8, 0x86, 0xdc, 0x1d, 0x48, 0x4f, 0xd7, 0xee, 0xe9, 0xda, 0xbd,
  0xe7, 0xd7, 0xee, 0xe9, 0xda, 0x3d, 0x5d, 0xbb, 0xf7, 0xcc, 0xda, 0x6f,
  0x08, 0x08, 0x3b, 0xc7, 0xdd, 0xd7, 0x3f, 0xf4, 0x3a, 0xa2, 0xb6, 0xf8,
  0x5d, 0xa9, 0xef, 0xe2, 0x39, 0x2d, 0xf1, 0xce, 0xe1, 0xe1, 0x11, 0xd5,
  0x10, 0x10, 0x21, 0x1c, 0x05, 0x30, 0x57, 0x8a, 0xd2, 0x8a, 0xfe, 0xbc,
  0x77, 0xb0, 0x73, 0xf8, 0x73, 0xa5, 0xf0, 0x1f, 0x59, 0xca, 0xc7, 0x95,
  0xd2, 0x34, 0x95, 0x0f, 0x7b, 0xa2, 0xdd, 0xf7, 0xd9, 0x55, 0x82, 0x54,
  0x23, 0xf3, 0x02, 0x78, 0x15, 0xba, 0x25, 0x09, 0x41, 0x8f, 0xb6, 0xf6,
  0x0e, 0xa8, 0xe8, 0xf6, 0x68, 0x76, 0xe5, 0x36, 0xf5, 0x86, 0x0a, 0xbc,
  0xdb, 0x3e, 0x3e, 0xea, 0xac, 0x8a, 0x79, 0x01, 0x7d, 0x7b, 0xf8, 0x6f,
  0xe9, 0x20, 0x61, 0x5e, 0xf0, 0x6e, 0xbb, 0x85, 0xef, 0x43, 0x17, 0x71,
  0x68, 0xa8, 0xfb, 0x3b, 0xdb, 0xdd, 0x57, 0x5d, 0x01, 0xc8, 0xed, 0x2c,
  0x2d, 0xd9, 0x50, 0x8c, 0xf6, 0xe1, 0xd7, 0xcb, 0x19, 0xd4, 0x94, 0x9f,
  0x2b, 0x35, 0x57, 0x45, 0xcd, 0xde, 0x6a, 0x57, 0xc0, 0xf0, 0x03, 0xe0,
  0x07, 0x4f, 0x1f, 0xfe, 0x99, 0x2a, 0xe0, 0x5b, 0xb7, 0xfc, 0xf7, 0xb4,
  0xde, 0x1f, 0x7e, 0xbf, 0xfb, 0xfe, 0x73, 0xa7, 0xb3, 0x7a, 0xf2, 0xf9,
  0x53, 0x67, 0xc5, 0xed, 0x0f, 0x3f, 0x79, 0x57, 0x2b, 0x6e, 0xa5, 0x5e,
  0xb5, 0x52, 0xb7, 0xa9, 0x52, 0x57, 0x57, 0x3a, 0xbb, 0x3f, 0x8b, 0x86,
  0x79, 0x72, 0xc5, 0xf3, 0xbd, 0xf4, 0x22, 0x43, 0x7a, 0x7b, 0x7b, 0x91,
  0xe5, 0x01, 0x9e, 0x0f, 0xa5, 0x97, 0x5d, 0x78, 0x92, 0x1e, 0x86, 0xea,
  0x25, 0xc3, 0x97, 0x65, 0x9b, 0xb0, 0x3a, 0x4c, 0x2e, 0x02, 0xd6, 0xbe,
  0x8a, 0x81, 0x2c, 0x87, 0x39, 0x07, 0x04, 0x48, 0x3d, 0xb6, 0x26, 0x7f,
  0x20, 0xb9, 0xbe, 0x8f, 0x76, 0x7f, 0x77, 0x72, 0xb4, 0xf5, 0x59, 0xb4,
  0x01, 0xdb, 0xf4, 0x87, 0xdd, 0xfd, 0xe3, 0xf8, 0xf6, 0xdd, 0xd6, 0xc1,
  0xe7, 0xf7, 0x87, 0x3b, 0x3f, 0x7c, 0x3c, 0x76, 0x81, 0xc7, 0x53, 0x9e,
  0x5f, 0x02, 0xe0, 0xe1, 0xbb, 0x1f, 0x99, 0x42, 0x9f, 0x5f, 0x1f, 0xf4,
  0xe6, 0x16, 0xf4, 0x02, 0xf8, 0x0a, 0x70, 0x3b, 0x7e, 0x77, 0xb2, 0xfa,
  0x3b, 0xc0, 0x1b, 0xf8, 0xf3, 0xf5, 0x31, 0xa4, 0xde, 0x3f, 0x39, 0x5a,
  0xe9, 0xac, 0xd8, 0x08, 0x36, 0x86, 0x6f, 0x69, 0x56, 0xc8, 0xef, 0x27,
  0xef, 0xdf, 0xbe, 0x7e, 0xdd, 0xfb, 0x9d, 0x8b, 0x08, 0xe2, 0xe5, 0x57,
  0xe8, 0x66, 0xff, 0x70, 0xfb, 0x27, 0xa2, 0x17, 0x7d, 0xff, 0x2d, 0x1f,
  0x8c, 0xd8, 0x90, 0x90, 0x7e, 0xef, 0x00, 0x08, 0xc3, 0xde, 0x4e, 0xdf,
  0x1f, 0xc2, 0x91, 0x95, 0xa5, 0x23, 0x3e, 0x48, 0x86, 0x99, 0x7f, 0xbf,
  0x76, 0x31, 0x4b, 0x07, 0x65, 0x92, 0xa5, 0x9e, 0x00, 0xf0, 0x3e, 0x3b,
  0xe7, 0x63, 0x38, 0xd8, 0x6e, 0x01, 0x6c, 0x0b, 0x0a, 0x62, 0xfe, 0xbf,
  0xff, 0xd3, 0x7f, 0xf1, 0xd7, 0xbe, 0x11, 0xe4, 0xa5, 0x03, 0xf2, 0x76,
  0xaa, 0x80, 0xde, 0x00, 0x6e, 0x38, 0xd4, 0xee, 0xee, 0xf8, 0x3d, 0x9e,
  0xb7, 0x27, 0xbb, 0xef, 0x3f, 0x00, 0xa9, 0xdc, 0xc5, 0xc3, 0x0d, 0x8f,
  0x14, 0x44, 0xf7, 0x19, 0x2b, 0x00, 0x02, 0x70, 0xca, 0xf9, 0xf2, 0xa4,
  0x50, 0x2f, 0xd5, 0x91, 0x47, 0xaf, 0x57, 0x0c, 0x6d, 0xf5, 0x25, 0xf5,
  0xb6, 0xc8, 0xa5, 0xa4, 0xc9, 0x36, 0x96, 0xe1, 0x12, 0xd2, 0xeb, 0x57,
  0xf8, 0xfa, 0x08, 0x09, 0x24, 0xe0, 0xd9, 0xf6, 0xe1, 0x8f, 0xf1, 0x8b,
  0xf5, 0xe2, 0xea, 0xd2, 0xbb, 0x4a, 0xf8, 0xf5, 0x0f, 0xd9, 0xd7, 0xd8,
  0xef, 0x78, 0x1d, 0xaf, 0xb7, 0x0a, 0xff, 0xf3, 0xbd, 0x8b, 0x04, 0x0e,
  0x78, 0x3f, 0xcd, 0x52, 0xee, 0x7b, 0x45, 0x99, 0x67, 0x5f, 0x78, 0xec,
  0x0f, 0x66, 0x79, 0x0e, 0x7b, 0x7b, 0x3b, 0x1b, 0xc3, 0xd1, 0x24, 0xdf,
  0xb6, 0xae, 0x93, 0x61, 0x39, 0x8a, 0xfd, 0x6e, 0xfb, 0xb5, 0x7e, 0x35,
  0x06, 0xde, 0x63, 0xc0, 0xa6, 0xb1, 0x9f, 0x67, 0xb3, 0x74, 0xe8, 0x6f,
  0xac, 0x0f, 0x92, 0x7c, 0x30, 0xe6, 0xde, 0x00, 0xba, 0x80, 0x6d, 0xea,
  0x0d, 0x6e, 0xc4, 0xdf, 0x3c, 0xf6, 0x57, 0xfc, 0xe5, 0x8d, 0xf5, 0x29,
  0x2b, 0x47, 0xde, 0x30, 0xf6, 0xdf, 0x77, 0xdf, 0xb4, 0x57, 0xbd, 0xee,
  0x4b, 0xd6, 0x6d, 0xbf, 0xf2, 0xf0, 0x5f, 0x87, 0xfe, 0xbf, 0xbd, 0x02,
  0x0f, 0xaf, 0xc7, 0xed, 0x6e, 0xbb, 0xcb, 0x7a, 0x5e, 0x0f, 0xde, 0x74,
  0xbd, 0x6e, 0xab, 0xd7, 0x7e, 0xed, 0xc1, 0xbf, 0x71, 0xab, 0xdd, 0x85,
  0xff, 0xb9, 0x55, 0xe0, 0xe3, 0xf7, 0xf0, 0xd4, 0xfd, 0xd4, 0xb3, 0x6b,
  0xac, 0x7a, 0x9d, 0x2b, 0x28, 0xba, 0xe5, 0xb6, 0xfe, 0x7d, 0xfb, 0xa5,
  0xd7, 0x7d, 0x83, 0xcd, 0x54, 0x9b, 0xc7, 0x7f, 0x63, 0x6a, 0xbd, 0x52,
  0x05, 0xc6, 0xb3, 0xd2, 0x7e, 0xf5, 0x6e, 0xc5, 0x14, 0x87, 0x2e, 0x57,
  0x47, 0xb5, 0x72, 0xab, 0x30, 0x8a, 0xef, 0xd5, 0x00, 0x4d, 0x59, 0xd3,
  0x74, 0x75, 0xdc, 0x38, 0xcf, 0xf6, 0xca, 0xbb, 0x6e, 0xa7, 0xfa, 0xba,
  0xd5, 0x6d, 0xbf, 0xfc, 0x64, 0xf7, 0x87, 0x73, 0xa9, 0xd5, 0x96, 0xb3,
  0x1e, 0x37, 0x74, 0xa8, 0x40, 0x55, 0x83, 0x94, 0x00, 0xee, 0xa7, 0x7a,
  0x97, 0x08, 0x96, 0x77, 0x36, 0xfc, 0x70, 0x42, 0xa3, 0x3a, 0xa8, 0xa9,
  0xe0, 0xef, 0x71, 0x19, 0x97, 0x01, 0x97, 0x36, 0x5e, 0x44, 0x7b, 0xdb,
  0x87, 0x07, 0x40, 0x57, 0x80, 0x23, 0xbc, 0xe9, 0x3f, 0x85, 0x5f, 0x0e,
  0x46, 0x59, 0x88, 0xf0, 0xda, 0x7b, 0xd9, 0x7e, 0x79, 0xd5, 0x5d, 0x19,
  0x77, 0xbb, 0xad, 0x57, 0xed, 0x97, 0xfb, 0xf4, 0x6c, 0x77, 0x02, 0xd8,
  0x3f, 0xfd, 0xd6, 0xd6, 0x73, 0x3e, 0x28, 0x3d, 0x28, 0xf7, 0xbd, 0xef,
  0xdd, 0xd0, 0x7f, 0x15, 0xea, 0x76, 0x7c, 0x6f, 0xc4, 0x93, 0xcb, 0x51,
  0x29, 0x7e, 0xe7, 0x88, 0xa6, 0xed, 0x97, 0x56, 0x6f, 0x63, 0xfc, 0xf8,
  0x64, 0x77, 0x7f, 0xa5, 0xcd, 0xa2, 0x81, 0xf0, 0xc6, 0xeb, 0xbe, 0x1e,
  0xbd, 0x7a, 0xdf, 0x85, 0x6e, 0x7a, 0xa3, 0xd5, 0xf7, 0x5d, 0x58, 0x09,
  0x06, 0x08, 0x25, 0xe1, 0x0e, 0x1b, 0x05, 0xd6, 0xfb, 0x13, 0x14, 0x79,
  0x7d, 0xd5, 0x5a, 0x69, 0xaf, 0x6c, 0xe9, 0x4f, 0x1e, 0x96, 0x74, 0x80,
  0x95, 0x0d, 0xbe, 0xf0, 0xbf, 0xd9, 0xf8, 0x15, 0x98, 0x57, 0x08, 0xcc,
  0x2b, 0x06, 0xcc, 0xaf, 0x2d, 0x30, 0xbf, 0x16, 0x60, 0x5e, 0xc5, 0x51,
  0x5a, 0xd4, 0xe1, 0x8d, 0x24, 0x0e, 0x1d, 0x22, 0x0e, 0xdd, 0x76, 0xf5,
  0x7b, 0xf7, 0x65, 0x53, 0x01, 0x0b, 0x6d, 0xba, 0xaf, 0x46, 0xaf, 0xad,
  0x99, 0x0f, 0x40, 0x7e, 0xca, 0xff, 0x6f, 0x9c, 0x78, 0xcf, 0x19, 0xf7,
  0x8a, 0xf7, 0x7a, 0xd4, 0x7d, 0x0d, 0x7f, 0xba, 0x3d, 0xf9, 0xf7, 0x15,
  0xfc, 0xb5, 0xe6, 0x71, 0xc9, 0x72, 0x76, 0xc9, 0xff, 0xe6, 0x18, 0xb8,
  0xe2, 0xf5, 0xba, 0x9f, 0xde, 0x8c, 0xdf, 0xb4, 0x5e, 0x7a, 0x6f, 0x3c,
  0xd8, 0x8f, 0xbd, 0xf7, 0xdf, 0xc3, 0x9b, 0xab, 0xd6, 0xf7, 0xa3, 0x6e,
  0xe7, 0xea, 0x7b, 0x78, 0xe8, 0xe2, 0x2f, 0x6b, 0x9c, 0x57, 0x6c, 0x7c,
  0xf5, 0xb7, 0x1f, 0x26, 0xe2, 0x7b, 0x8f, 0xbd, 0xf4, 0x5e, 0x4a, 0xfc,
  0x7f, 0xd9, 0x7a, 0x39, 0xe8, 0xc0, 0x9e, 0x80, 0xbf, 0x2d, 0x20, 0x20,
  0xf8, 0x9f, 0xe3, 0xef, 0x91, 0x66, 0xbf, 0xf4, 0x70, 0xc8, 0x76, 0x49,
  0xcf, 0xa6, 0x2a, 0x16, 0x8f, 0x50, 0x26, 0x63, 0xbe, 0x07, 0xdc, 0x03,
  0x32, 0x08, 0x3c, 0x96, 0x42, 0x2f, 0x6f, 0x0b, 0xd6, 0xe1, 0xee, 0xce,
  0xf7, 0x43, 0x75, 0xca, 0x77, 0xf0, 0xf4, 0x6f, 0x27, 0xe9, 0x90, 0x7f,
  0x3d, 0xbc, 0x08, 0x84, 0x20, 0xe4, 0x87, 0x9b, 0x44, 0x05, 0xdb, 0x02,
  0xff, 0x2a, 0x45, 0x84, 0xa0, 0xa3, 0xcb, 0xc8, 0xb5, 0xad, 0x17, 0x02,
  0x19, 0x47, 0x17, 0x12, 0x80, 0xad, 0x94, 0x21, 0xb1, 0x55, 0x17, 0x11,
  0x44, 0x4a, 0xfc, 0x16, 0x3b, 0xfe, 0x1e, 0xf9, 0x95, 0x24, 0xcf, 0x93,
  0x4b, 0x86, 0x93, 0x12, 0x3a, 0x00, 0x78, 0xde, 0x91, 0x0a, 0x06, 0x92,
  0xfb, 0x7f, 0xde, 0xdd, 0xfd, 0x69, 0x67, 0xeb, 0x1f, 0x14, 0x3f, 0x78,
  0xea, 0xef, 0x80, 0x20, 0x7e, 0x0c, 0xff, 0x4e, 0xe0, 0xdf, 0xdf, 0xcb,
  0x7f, 0xc7, 0xf4, 0xef, 0x2c, 0x52, 0x85, 0x0f, 0xb6, 0xde, 0x23, 0xe3,
  0xe2, 0x0f, 0x33, 0x60, 0xd7, 0x2e, 0x41, 0x46, 0xf3, 0x0b, 0x7e, 0x09,
  0xab, 0x02, 0xec, 0x97, 0x0f, 0x42, 0x1e, 0x70, 0xd1, 0xf0, 0xe3, 0x4f,
  0x33, 0x46, 0xa2, 0x05, 0xfc, 0x00, 0xd1, 0x8f, 0x51, 0xa1, 0xaf, 0xe2,
  0xef, 0xc3, 0xaf, 0xe7, 0xc0, 0x99, 0x40, 0x83, 0x49, 0xf1, 0x7b, 0x40,
  0x06, 0x64, 0x74, 0x5d, 0xa9, 0x8e, 0x26, 0x2a, 0xa0, 0x1d, 0xfd, 0x92,
  0xa1, 0x2a, 0x23, 0x08, 0xe3, 0x8d, 0x40, 0x28, 0x49, 0xda, 0x52, 0x8f,
  0x51, 0xdc, 0xdd, 0x9d, 0x9e, 0x85, 0x6d, 0x40, 0x2a, 0xe8, 0x33, 0x10,
  0x4d, 0x85, 0x54, 0xfc, 0x80, 0x4d, 0x78, 0x5c, 0x42, 0x05, 0xaa, 0x1b,
  0x60, 0x99, 0x74, 0x18, 0x40, 0x2f, 0x00, 0xbd, 0x21, 0xb4, 0x5d, 0x86,
  0x77, 0x77, 0xb7, 0xf7, 0x61, 0x3b, 0x85, 0x72, 0x77, 0x77, 0xa5, 0x59,
  0xf7, 0xd1, 0x68, 0x32, 0x11, 0x6b, 0xfe, 0x1e, 0xb0, 0xab, 0x3d, 0x61,
  0x5f, 0x83, 0x4e, 0x24, 0x7e, 0x26, 0x69, 0xd0, 0x5d, 0x5d, 0x79, 0x13,
  0x4d, 0x59, 0x5e, 0xf0, 0xbd, 0xb4, 0x0c, 0x78, 0x04, 0x42, 0xc2, 0xdd,
  0x5d, 0x27, 0xd4, 0xb8, 0x20, 0xf1, 0x84, 0xca, 0x5f, 0x8c, 0x33, 0xe0,
  0x18, 0xf9, 0xf2, 0x2b, 0xf8, 0xde, 0x9e, 0xb2, 0xe1, 0x71, 0x09, 0xd0,
  0x08, 0x7a, 0x91, 0xdf, 0xf1, 0xc3, 0x25, 0xbf, 0xef, 0x2f, 0x29, 0xa4,
  0xfa, 0x2d, 0x94, 0xa8, 0x16, 0xb8, 0xd7, 0x03, 0x82, 0x6e, 0x67, 0x25,
  0x2f, 0xde, 0xe6, 0xd9, 0xe4, 0x9d, 0x1c, 0x1b, 0xb1, 0xa6, 0x11, 0x8f,
  0x97, 0xff, 0x31, 0xf8, 0xc3, 0xf0, 0xb6, 0x1b, 0xf5, 0xee, 0xc3, 0x3e,
  0xfe, 0x82, 0xbf, 0xbf, 0x59, 0x6e, 0xf3, 0xaf, 0x7c, 0x10, 0xa8, 0xb6,
  0x09, 0x53, 0xdb, 0xf0, 0x30, 0x09, 0xf4, 0x28, 0x17, 0xe0, 0x6d, 0x50,
  0xc6, 0x66, 0x1a, 0xa7, 0xdd, 0x33, 0x9c, 0x09, 0xb4, 0x68, 0xbd, 0xeb,
  0x89, 0x77, 0xbd, 0x95, 0x75, 0x84, 0xd5, 0xcb, 0x37, 0xeb, 0x7c, 0x13,
  0xd1, 0xa7, 0xff, 0xaa, 0xf3, 0x5d, 0xb9, 0xc4, 0xad, 0xf1, 0xb1, 0xfc,
  0xcb, 0x9e, 0x44, 0xa9, 0x00, 0x98, 0x69, 0x8d, 0x5d, 0x9d, 0xe8, 0x37,
  0x81, 0x0f, 0x8f, 0xad, 0x82, 0x5d, 0x71, 0x18, 0xc4, 0x30, 0x29, 0xd8,
  0xf9, 0x98, 0xf4, 0x53, 0xa6, 0x36, 0x6c, 0xfc, 0x21, 0xc8, 0x3a, 0x1a,
  0x45, 0x4f, 0xd8, 0x79, 0x20, 0x26, 0xc8, 0xe3, 0xce, 0xba, 0x5a, 0xbc,
  0x31, 0x4f, 0x2f, 0xcb, 0xd1, 0x1a, 0xb4, 0x57, 0xb2, 0xf3, 0x96, 0x41,
  0x68, 0x68, 0x75, 0x30, 0x66, 0x45, 0xb1, 0x0f, 0xd2, 0x41, 0xbb, 0xcc,
  0x2e, 0x2f, 0xc7, 0x3c, 0xf0, 0x47, 0x09, 0x4a, 0x0e, 0x0b, 0xa8, 0xb1,
  0x5a, 0x5c, 0x0c, 0x2c, 0xec, 0x97, 0xb8, 0x63, 0xde, 0x00, 0x0a, 0xf0,
  0x94, 0xc6, 0xd4, 0x87, 0xd1, 0x16, 0x5f, 0x92, 0xe9, 0x61, 0x7a, 0xc4,
  0x92, 0x14, 0x9f, 0x60, 0xe1, 0x81, 0x7d, 0x96, 0xa4, 0x09, 0xf1, 0x0a,
  0x64, 0xd4, 0x68, 0x9a, 0x67, 0x97, 0x39, 0x43, 0xfd, 0xc1, 0xd9, 0xbd,
  0xbd, 0x8f, 0xe6, 0xce, 0xb4, 0x13, 0xe9, 0x09, 0xc2, 0xea, 0x96, 0x33,
  0x98, 0x8c, 0x79, 0xf3, 0x7b, 0x31, 0x3b, 0xf3, 0xe2, 0x83, 0x6c, 0x1e,
  0x96, 0xca, 0x82, 0xd0, 0x2c, 0x4d, 0x61, 0x29, 0x45, 0x61, 0x58, 0x7c,
  0x89, 0x69, 0x7c, 0x93, 0xb7, 0x09, 0x3c, 0x8b, 0x8b, 0xf2, 0x87, 0x84,
  0x92, 0x7a, 0xdf, 0x3f, 0xbd, 0xc5, 0xbf, 0x7d, 0xf1, 0x18, 0x15, 0x1c,
  0xa6, 0x3f, 0x2c, 0xf6, 0xf9, 0x45, 0x09, 0xaf, 0xac, 0xa7, 0xfb, 0x33,
  0x9c, 0x8d, 0xee, 0x2e, 0x29, 0x8e, 0x4c, 0x87, 0x80, 0xe1, 0xa5, 0xee,
  0xb1, 0x32, 0x10, 0x20, 0x31, 0x13, 0x2e, 0x76, 0x14, 0x76, 0x40, 0x7b,
  0xca, 0xc6, 0x8a, 0xaf, 0x72, 0x7a, 0x72, 0x31, 0x35, 0x66, 0x19, 0xf0,
  0xb7, 0xeb, 0x30, 0x46, 0x94, 0x53, 0x7b, 0xa9, 0xbb, 0x1e, 0xc3, 0x02,
  0xf2, 0xf5, 0xf8, 0xe5, 0x26, 0xef, 0x5b, 0x28, 0x03, 0x0d, 0x1c, 0x8f,
  0xd8, 0x94, 0xeb, 0x9d, 0x10, 0x23, 0x9a, 0xe3, 0x66, 0x96, 0x23, 0x54,
  0x0d, 0xfc, 0x87, 0xe3, 0xc3, 0x83, 0x76, 0x41, 0x1b, 0x21, 0xb9, 0xb8,
  0x09, 0x4e, 0x17, 0x16, 0x54, 0x41, 0xb9, 0xea, 0x91, 0x79, 0x63, 0x16,
  0x3f, 0x52, 0xaf, 0x1a, 0x46, 0xa7, 0x3e, 0x29, 0x3c, 0x88, 0xca, 0xcd,
  0x52, 0x3d, 0xec, 0x0d, 0xfb, 0x44, 0x5e, 0xcb, 0x4d, 0x07, 0x50, 0x25,
  0x36, 0x34, 0x35, 0x70, 0x0a, 0xa9, 0xd4, 0x59, 0x7d, 0x81, 0x49, 0x5f,
  0xeb, 0x2c, 0x70, 0x15, 0xe0, 0xb2, 0x9d, 0x17, 0xeb, 0xc3, 0xe4, 0xca,
  0x23, 0xbc, 0x8f, 0x09, 0xeb, 0x64, 0x39, 0x38, 0x10, 0xcf, 0x37, 0x5e,
  0x2c, 0x81, 0xcc, 0x1b, 0x28, 0x0a, 0x18, 0xc8, 0x3e, 0x81, 0xde, 0xac,
  0x2f, 0x9f, 0x6f, 0xac, 0x17, 0x53, 0x96, 0x6e, 0x30, 0xd2, 0x90, 0xe5,
  0x28, 0x96, 0x5f, 0xb0, 0x71, 0xc9, 0x26, 0x9e, 0xbf, 0x84, 0x82, 0x33,
  0x0e, 0x26, 0x70, 0x50, 0x83, 0xaa, 0x51, 0x9d, 0xf5, 0x65, 0xe8, 0x73,
  0x03, 0x50, 0xfb, 0x8f, 0x19, 0x50, 0x41, 0x20, 0x29, 0xfd, 0x79, 0xa3,
  0xf0, 0x92, 0xe1, 0x98, 0xd3, 0x50, 0x3e, 0xc0, 0xb1, 0x36, 0xcc, 0x4c,
  0xbf, 0x2f, 0x96, 0xec, 0xb5, 0x97, 0x4b, 0xb0, 0xe9, 0x3f, 0xfc, 0x57,
  0x8f, 0x17, 0xa8, 0x1c, 0xf0, 0x86, 0x99, 0x37, 0xcd, 0x1f, 0xfe, 0xfc,
  0x35, 0x99, 0xe0, 0x0f, 0x02, 0x2a, 0x03, 0x3a, 0xa9, 0x7e, 0x16, 0x1e,
  0xc8, 0xf3, 0x70, 0xc6, 0x41, 0xa3, 0x85, 0x5f, 0x1b, 0x9a, 0x4d, 0x52,
  0x2e, 0xe0, 0x64, 0x18, 0xc1, 0x7e, 0x92, 0x98, 0xac, 0x71, 0x50, 0xee,
  0x52, 0x39, 0x52, 0xe0, 0x27, 0x8a, 0x12, 0x8e, 0x71, 0xa4, 0x12, 0x78,
  0xa6, 0xa6, 0x3c, 0x7f, 0x77, 0xf2, 0x7e, 0x3f, 0x76, 0xd6, 0xc3, 0x1a,
  0xb1, 0x7c, 0xef, 0xec, 0xcd, 0xea, 0xe6, 0x96, 0x1d, 0xd5, 0x6b, 0x45,
  0x80, 0xa5, 0x73, 0xce, 0x2e, 0x71, 0x2e, 0x09, 0xb5, 0x98, 0x75, 0xea,
  0x85, 0x50, 0x65, 0x61, 0xa1, 0x5c, 0x5c, 0x5c, 0xce, 0x01, 0x2b, 0x97,
  0x93, 0x36, 0x1c, 0x02, 0xa5, 0xa2, 0xeb, 0x25, 0xe0, 0x35, 0x2b, 0x61,
  0x61, 0x23, 0x16, 0x2f, 0xc8, 0x76, 0x07, 0x63, 0x38, 0xf3, 0x8f, 0x6f,
  0xd2, 0x01, 0x1f, 0xae, 0x29, 0x7a, 0x44, 0xc3, 0x82, 0x65, 0x33, 0xb3,
  0x73, 0xd6, 0x6d, 0xc0, 0xf2, 0xa1, 0xa7, 0x0a, 0xc2, 0xaa, 0xc1, 0x12,
  0xb1, 0x4d, 0xa7, 0x44, 0x9a, 0x95, 0xdc, 0xe3, 0x39, 0xf1, 0x65, 0x37,
  0x63, 0x60, 0xd6, 0x80, 0xdc, 0x5f, 0x02, 0x85, 0x24, 0x29, 0xa3, 0x33,
  0xfd, 0xea, 0x6f, 0x1c, 0xf3, 0x89, 0x37, 0xca, 0x60, 0xf9, 0x06, 0x1c,
  0x0e, 0x7b, 0x2f, 0x38, 0x38, 0xf9, 0x10, 0x46, 0x5e, 0x56, 0x78, 0x66,
  0xdd, 0x52, 0xd4, 0x86, 0x0f, 0x32, 0xd8, 0x48, 0x93, 0xb6, 0xb7, 0x45,
  0xe8, 0x07, 0x04, 0x22, 0x9d, 0xb1, 0x31, 0x5e, 0x7a, 0x94, 0x70, 0xc0,
  0xc1, 0xe2, 0x27, 0xc5, 0x34, 0x4b, 0x1f, 0xfe, 0xf5, 0x8a, 0x8f, 0xdb,
  0x62, 0x49, 0x5f, 0xf4, 0x01, 0xcf, 0x96, 0xc4, 0x68, 0xe0, 0xcc, 0xae,
  0x2f, 0x1d, 0x0c, 0xb7, 0xb2, 0x77, 0xa0, 0x34, 0x55, 0xad, 0xe2, 0xa6,
  0x38, 0x1a, 0x0a, 0x40, 0xcb, 0x31, 0x2a, 0x7d, 0xd4, 0xa7, 0x8b, 0xd6,
  0x60, 0xc4, 0x07, 0x5f, 0xe0, 0x75, 0x92, 0x4e, 0x67, 0xa5, 0x57, 0xde,
  0x4c, 0x91, 0x1d, 0xc5, 0x77, 0xe7, 0xd9, 0x57, 0x5f, 0xf7, 0x2a, 0x71,
  0xd5, 0x9f, 0x83, 0xc1, 0x1e, 0xd5, 0x80, 0xef, 0x62, 0xc0, 0x1b, 0xd6,
  0xcc, 0xa1, 0xe4, 0x55, 0x56, 0xac, 0x2f, 0x53, 0xb7, 0x7f, 0x61, 0xef,
  0xb8, 0xfc, 0x95, 0xae, 0x0d, 0xb5, 0xaa, 0xf6, 0xee, 0x6f, 0x78, 0x05,
  0x6e, 0xea, 0xdc, 0x03, 0x88, 0x27, 0x80, 0x12, 0x5e, 0x01, 0xeb, 0x57,
  0x94, 0x88, 0x51, 0x1e, 0xac, 0xd1, 0x08, 0xf9, 0x51, 0x7f, 0x29, 0x28,
  0x37, 0x5f, 0x78, 0xb4, 0x2d, 0x6d, 0x30, 0x0d, 0x46, 0xc9, 0xd4, 0xdf,
  0x80, 0xd2, 0x0f, 0xbf, 0xea, 0xb2, 0x72, 0x97, 0xa9, 0xc5, 0x98, 0x33,
  0x93, 0x3c, 0xbb, 0x26, 0x3c, 0x02, 0x9a, 0xe9, 0xcb, 0xed, 0x5e, 0x70,
  0x71, 0x55, 0xc1, 0x32, 0x6f, 0xc2, 0x0b, 0xd8, 0xd2, 0xa8, 0x03, 0xcc,
  0xd4, 0xa6, 0x2d, 0xf8, 0x18, 0x85, 0x25, 0x35, 0x47, 0xaa, 0xf7, 0x62,
  0xe9, 0x14, 0x78, 0x99, 0x68, 0x25, 0x5a, 0x8d, 0x5e, 0x9e, 0x19, 0x6a,
  0x97, 0x4d, 0x69, 0xaf, 0x01, 0x03, 0x3c, 0x03, 0xf8, 0x00, 0x81, 0x5b,
  0x7a, 0x81, 0xe0, 0x30, 0x27, 0x4c, 0x4c, 0xf7, 0x50, 0x9e, 0x68, 0xd2,
  0x00, 0xc2, 0x87, 0x92, 0x40, 0x24, 0x44, 0x75, 0x9b, 0x76, 0xe1, 0x34,
  0x44, 0xe1, 0x0d, 0x3d, 0x9f, 0x2a, 0x28, 0x46, 0xc0, 0xb0, 0xfa, 0x1b,
  0x7f, 0x3f, 0x63, 0x69, 0x09, 0xa8, 0xac, 0xe7, 0xa2, 0x2f, 0x74, 0xbc,
  0x21, 0x93, 0xda, 0x65, 0x36, 0x26, 0x7d, 0x37, 0xf3, 0x60, 0x1f, 0x14,
  0xc9, 0x64, 0x36, 0x46, 0x3d, 0x25, 0xcf, 0xda, 0xde, 0x76, 0x36, 0xc1,
  0xcb, 0x16, 0x18, 0x77, 0x06, 0xa0, 0x1f, 0x97, 0x78, 0x21, 0x34, 0x61,
  0x49, 0x41, 0xf8, 0xdf, 0x82, 0x65, 0x29, 0x67, 0x40, 0xf1, 0x26, 0x0c,
  0xf1, 0xdd, 0xa2, 0x64, 0x30, 0x35, 0xee, 0xee, 0xc1, 0xf3, 0x32, 0x2d,
  0x2a, 0xfb, 0xaf, 0x85, 0xda, 0x8f, 0x6e, 0x17, 0xf7, 0xdf, 0xfa, 0xf9,
  0xac, 0x2c, 0xb3, 0xd4, 0x2a, 0xec, 0x0d, 0x0d, 0xf2, 0xa0, 0x9a, 0xc4,
  0x27, 0x52, 0x9c, 0x53, 0xbf, 0x40, 0x8e, 0xa9, 0xf8, 0x86, 0xbd, 0xc7,
  0xfc, 0x1a, 0x0d, 0xc5, 0x53, 0xe3, 0x78, 0x76, 0x5e, 0x26, 0xe5, 0x58,
  0x32, 0x01, 0xa4, 0xf9, 0x8c, 0xe7, 0x72, 0xd3, 0xea, 0xcc, 0x65, 0x8b,
  0x8b, 0x20, 0x9b, 0x77, 0x90, 0x90, 0x49, 0x52, 0xc5, 0x24, 0xa9, 0xda,
  0x0c, 0x44, 0xf5, 0x6d, 0x24, 0x53, 0xc5, 0x69, 0x79, 0x06, 0x6f, 0x9e,
  0xc1, 0x52, 0x6c, 0xfa, 0xd6, 0x79, 0x05, 0x4b, 0x7b, 0x81, 0x7a, 0x5e,
  0x84, 0x35, 0x8c, 0x7b, 0x32, 0x29, 0x0a, 0x68, 0x7f, 0x8c, 0x47, 0x55,
  0xdf, 0x87, 0x85, 0x44, 0x69, 0x43, 0x16, 0x01, 0x49, 0xc4, 0xe2, 0x46,
  0xb0, 0x60, 0x23, 0x53, 0x2f, 0x99, 0x74, 0xc1, 0xc4, 0x0b, 0x6e, 0xc2,
  0x61, 0xde, 0x57, 0x5e, 0x75, 0x3a, 0x48, 0x64, 0xed, 0x97, 0xbf, 0xc5,
  0x97, 0xc8, 0xd6, 0x03, 0xc3, 0x8c, 0xcc, 0xbb, 0x9c, 0x3b, 0xec, 0xa9,
  0x12, 0xf9, 0x7a, 0x02, 0x29, 0x3c, 0xa8, 0xf9, 0xd7, 0x78, 0xfb, 0xbe,
  0xfe, 0xe2, 0xca, 0x01, 0x8f, 0x08, 0x01, 0x55, 0x9e, 0xf1, 0x16, 0x05,
  0xb7, 0xa4, 0xe1, 0x9c, 0x59, 0x13, 0x07, 0x90, 0xd9, 0x1c, 0xea, 0x28,
  0xa0, 0x95, 0x6b, 0x21, 0x39, 0x47, 0x79, 0x00, 0xc4, 0x30, 0x54, 0x0e,
  0x03, 0xde, 0xc6, 0x5d, 0xb1, 0x7d, 0x8e, 0x1f, 0xfe, 0x0c, 0xd8, 0xca,
  0x70, 0xe5, 0x05, 0xc0, 0x51, 0x19, 0x3f, 0xc0, 0x1b, 0xc9, 0x2b, 0xfe,
  0x8b, 0xf7, 0xef, 0xff, 0xf4, 0x5f, 0xbc, 0x87, 0x7f, 0x01, 0x9a, 0xf2,
  0xa7, 0x19, 0x7f, 0x74, 0x17, 0x00, 0x7d, 0x3f, 0xcf, 0x93, 0x9c, 0x9a,
  0x12, 0x4b, 0xc5, 0xa8, 0x8e, 0x26, 0x41, 0xb4, 0x48, 0x11, 0x34, 0x9a,
  0xc2, 0x37, 0x3c, 0x15, 0xe0, 0x20, 0x18, 0x62, 0x43, 0x20, 0x23, 0x46,
  0xc8, 0x02, 0xc8, 0xcb, 0x53, 0x18, 0x05, 0xb0, 0x8c, 0x1c, 0x06, 0x91,
  0xcd, 0xb0, 0x1b, 0x36, 0x9d, 0xb6, 0x7d, 0xa1, 0xbb, 0x9e, 0x00, 0x59,
  0x85, 0xc1, 0xd0, 0xfe, 0xa6, 0xf1, 0x56, 0x89, 0x8c, 0x1a, 0x04, 0xed,
  0xb6, 0xf9, 0xa3, 0xf0, 0x46, 0x40, 0xe7, 0xa8, 0x0c, 0xd5, 0xfa, 0x4b,
  0x07, 0x15, 0xe9, 0x4d, 0x91, 0xe5, 0xbb, 0x6c, 0x30, 0x0a, 0x72, 0xce,
  0x86, 0xbf, 0x57, 0x98, 0x1e, 0x46, 0xf6, 0x02, 0x38, 0x47, 0xb1, 0xaa,
  0x27, 0x29, 0x9d, 0x64, 0x66, 0x2b, 0xdb, 0x87, 0xcb, 0xed, 0x03, 0x38,
  0x08, 0xbf, 0xb3, 0x59, 0x09, 0x47, 0x85, 0x64, 0x1d, 0x24, 0xbf, 0xef,
  0x1f, 0x7e, 0x3c, 0x41, 0x60, 0xa8, 0x8f, 0x92, 0xce, 0x45, 0x80, 0x68,
  0xbe, 0x1f, 0xe5, 0xa6, 0x21, 0x3a, 0x66, 0x0a, 0x92, 0x08, 0x81, 0x5c,
  0xc2, 0x76, 0xda, 0x3b, 0xa0, 0x7a, 0xe2, 0xbd, 0x53, 0x4d, 0xa2, 0xb4,
  0x43, 0x86, 0x50, 0x23, 0xd2, 0xba, 0xce, 0x19, 0xd0, 0x93, 0xea, 0xeb,
  0x17, 0x88, 0xef, 0xbe, 0x07, 0x02, 0x99, 0x38, 0x26, 0x7c, 0x97, 0xa0,
  0x52, 0x4d, 0x22, 0x44, 0x2f, 0x96, 0x2c, 0x6d, 0x86, 0x61, 0xe1, 0xce,
  0x91, 0x58, 0x03, 0xdf, 0xca, 0x49, 0x1e, 0x27, 0x02, 0x7d, 0x5e, 0x25,
  0x6c, 0x08, 0xad, 0xd6, 0x30, 0x61, 0xe3, 0x5a, 0x67, 0xb0, 0x12, 0x25,
  0x23, 0xf8, 0xd2, 0xf1, 0x40, 0xed, 0x24, 0x43, 0xfa, 0xc2, 0xf2, 0x84,
  0xb5, 0x88, 0xc4, 0xab, 0x4f, 0x58, 0x97, 0xee, 0x8a, 0x72, 0x4f, 0xa2,
  0x53, 0x8e, 0xa4, 0x44, 0xf7, 0x8c, 0x43, 0xbf, 0xba, 0x74, 0x3a, 0x45,
  0xf0, 0xf9, 0xae, 0x36, 0xeb, 0xfb, 0x1e, 0xfc, 0x4f, 0x36, 0x0f, 0xf2,
  0xe6, 0x90, 0xa7, 0x30, 0xcb, 0x7c, 0xc6, 0xad, 0xab, 0x0e, 0xd9, 0x00,
  0x30, 0x1f, 0x39, 0x83, 0x53, 0x9e, 0xb4, 0x97, 0x2b, 0xaf, 0x84, 0xf6,
  0x12, 0xff, 0xe2, 0xdd, 0x47, 0x0f, 0xca, 0x2f, 0x8b, 0x0a, 0x0d, 0x15,
  0x51, 0x57, 0x36, 0xaf, 0x9e, 0x9c, 0x33, 0x0e, 0xad, 0x36, 0x69, 0xa9,
  0x2e, 0x1b, 0xb2, 0x02, 0x66, 0x99, 0xb3, 0x1b, 0x2c, 0x70, 0xb4, 0x77,
  0xf0, 0x63, 0xe5, 0x5b, 0x76, 0x71, 0x01, 0xe7, 0x9a, 0xf5, 0xd1, 0x1a,
  0x0b, 0xa9, 0xc3, 0x9c, 0x35, 0x24, 0x48, 0x5c, 0x8e, 0x6f, 0xa6, 0x23,
  0x62, 0x13, 0x4b, 0xa9, 0x73, 0x22, 0x35, 0xbc, 0xf8, 0x89, 0xfa, 0x7e,
  0x71, 0xb6, 0x8a, 0xc3, 0x4c, 0x1d, 0x34, 0x35, 0x4c, 0x28, 0x66, 0xe7,
  0x6a, 0xfc, 0xf0, 0xb3, 0x3a, 0x7c, 0x68, 0xdd, 0x39, 0x7d, 0x92, 0x48,
  0x7e, 0xd1, 0xac, 0x43, 0xb5, 0x3d, 0xbc, 0x3a, 0xf5, 0xa5, 0xe4, 0xc3,
  0x96, 0xf2, 0xaa, 0x68, 0xa0, 0x0e, 0x37, 0xc3, 0x00, 0x44, 0x53, 0xe0,
  0x9c, 0x4a, 0xbd, 0x45, 0x61, 0x0f, 0xd2, 0x85, 0x1c, 0x82, 0x21, 0x0e,
  0x7a, 0xdf, 0x11, 0xad, 0xff, 0xb0, 0xf7, 0xdd, 0x4a, 0x0f, 0x28, 0x65,
  0xf6, 0x36, 0xf9, 0xca, 0x87, 0x41, 0x4f, 0xa8, 0x95, 0x44, 0xf9, 0xf8,
  0xd6, 0x52, 0x14, 0x16, 0x9c, 0x9b, 0xdd, 0x1e, 0x94, 0x11, 0x8b, 0x72,
  0xba, 0x52, 0x64, 0x82, 0x48, 0xf3, 0xb8, 0xb3, 0xc6, 0x61, 0xeb, 0xc6,
  0xf9, 0xe2, 0xa2, 0x2b, 0x5b, 0xe7, 0x51, 0x89, 0x13, 0x03, 0xe9, 0x03,
  0xb6, 0x36, 0xfc, 0xcf, 0x22, 0xe6, 0x4a, 0xbe, 0x74, 0x45, 0x04, 0x79,
  0xd8, 0xe6, 0x46, 0xe2, 0x0c, 0xa9, 0xb6, 0x90, 0xf7, 0xab, 0x65, 0x67,
  0x69, 0x02, 0x24, 0x6f, 0x8f, 0x8e, 0x67, 0xec, 0x27, 0xdc, 0x7c, 0xd5,
  0xf9, 0x2e, 0xd0, 0x62, 0x38, 0x6b, 0x4b, 0xc5, 0x92, 0xd2, 0x61, 0xf5,
  0x39, 0xfc, 0xd1, 0x9f, 0xcb, 0x36, 0x9b, 0x95, 0xd9, 0xe1, 0xc5, 0x85,
  0xfc, 0x1c, 0xa1, 0x7e, 0xa5, 0x64, 0xe3, 0x63, 0x21, 0x1d, 0xc6, 0xc0,
  0x13, 0xd8, 0x92, 0x62, 0xcc, 0xef, 0xf9, 0x18, 0x59, 0x1a, 0xe7, 0x65,
  0xad, 0x16, 0x1e, 0x95, 0xcc, 0x86, 0x96, 0x73, 0xc4, 0xd9, 0x5f, 0xb4,
  0x96, 0x8b, 0x59, 0x3a, 0x29, 0xa7, 0x31, 0x39, 0xb0, 0xb5, 0x39, 0xf4,
  0x72, 0x71, 0x91, 0x6d, 0x06, 0x65, 0xa3, 0x12, 0x8f, 0x59, 0x1a, 0x3c,
  0x7b, 0xbc, 0x5a, 0x9b, 0x67, 0x2d, 0xf5, 0x29, 0x02, 0xfd, 0x2c, 0xbe,
  0x45, 0x1e, 0xa3, 0x5f, 0x46, 0x34, 0x80, 0x3e, 0xbb, 0x0f, 0xfb, 0x43,
  0x60, 0x20, 0x41, 0x34, 0xaa, 0x96, 0x34, 0xf3, 0xa9, 0xe1, 0xd8, 0x6d,
  0xf5, 0x9c, 0x30, 0x34, 0x5f, 0x5b, 0x5d, 0xc1, 0x8a, 0xe5, 0x37, 0xc7,
  0xc4, 0x9b, 0x02, 0xa7, 0xf1, 0xe2, 0xd4, 0xdd, 0xe5, 0x83, 0xa2, 0xd8,
  0x2d, 0x06, 0xa4, 0xfa, 0x90, 0x9b, 0xe5, 0xec, 0x05, 0x1e, 0x0c, 0x4f,
  0x54, 0x97, 0x9b, 0xac, 0xb9, 0x76, 0x1e, 0x57, 0xa7, 0xb0, 0x06, 0x32,
  0x67, 0x90, 0xc7, 0xf9, 0x66, 0x4e, 0x9c, 0xd5, 0x72, 0x2e, 0xc0, 0xde,
  0xef, 0xd0, 0x92, 0x97, 0x5b, 0x25, 0x00, 0x1a, 0xf6, 0x36, 0x0f, 0xfc,
  0x1a, 0x31, 0xf1, 0xa3, 0x00, 0x37, 0xd1, 0x77, 0x41, 0xb7, 0x95, 0x87,
  0xf6, 0xe6, 0x41, 0x41, 0x95, 0x50, 0xd5, 0xe6, 0x3c, 0xdc, 0x6d, 0x5e,
  0x17, 0x99, 0x69, 0x98, 0xe1, 0xbd, 0x85, 0x23, 0xd6, 0x14, 0xb4, 0x9e,
  0xc4, 0x70, 0x4f, 0xc6, 0x08, 0xcd, 0xff, 0xc3, 0x1f, 0xd0, 0x04, 0x0d,
  0xfe, 0xfc, 0x66, 0xb1, 0x91, 0x8d, 0x32, 0x9a, 0xb6, 0xba, 0xc4, 0x6e,
  0x6f, 0x3e, 0xc5, 0x3d, 0xa9, 0x77, 0xce, 0xf9, 0xcd, 0x8d, 0xc6, 0x0d,
  0x8f, 0xf0, 0x00, 0x77, 0xbe, 0x5c, 0x52, 0x1e, 0x2f, 0xb8, 0xfb, 0x52,
  0x94, 0xbc, 0xbb, 0x5b, 0x60, 0xed, 0x6b, 0xce, 0xbf, 0x0c, 0xd9, 0x4d,
  0xd1, 0x74, 0xc6, 0x6a, 0x81, 0x1c, 0x3b, 0x94, 0x44, 0x72, 0x9a, 0xe0,
  0xea, 0xe5, 0x44, 0xa0, 0x2b, 0x72, 0x2d, 0x96, 0x6a, 0x8d, 0x60, 0xe3,
  0x7c, 0xab, 0x64, 0x4b, 0x0d, 0x27, 0xd3, 0xd8, 0x57, 0xa2, 0x6d, 0xb5,
  0x2b, 0xd4, 0x04, 0xcc, 0x93, 0x70, 0x41, 0xc6, 0x94, 0xf0, 0x63, 0xc0,
  0x3f, 0x04, 0xf9, 0x52, 0xd7, 0x96, 0x0c, 0x2b, 0x82, 0x8b, 0x9e, 0x4d,
  0x8b, 0xd1, 0x1a, 0x10, 0xa5, 0x0e, 0x9a, 0x80, 0x03, 0x42, 0x4f, 0x4d,
  0x94, 0xd1, 0x23, 0x05, 0x9c, 0xc0, 0xa1, 0x31, 0x40, 0x09, 0x04, 0x84,
  0x38, 0xb7, 0xd9, 0x65, 0x96, 0x1b, 0x89, 0x46, 0x89, 0xa8, 0x55, 0x51,
  0x4e, 0xf6, 0xdb, 0xba, 0x24, 0xce, 0x45, 0x71, 0x1c, 0x4d, 0x42, 0x93,
  0xec, 0x6b, 0x28, 0xb8, 0x85, 0x5c, 0x74, 0x34, 0x11, 0x52, 0xb0, 0x23,
  0x36, 0xd5, 0xb5, 0x0c, 0x20, 0x00, 0xf7, 0xdc, 0xf5, 0xb9, 0x48, 0xf8,
  0x58, 0xaf, 0xcb, 0xc6, 0xbb, 0xc3, 0xa3, 0x2d, 0x6f, 0x67, 0x17, 0x58,
  0xae, 0x87, 0xff, 0xbc, 0xbd, 0x77, 0xa8, 0xa1, 0x65, 0x2f, 0x4f, 0x09,
  0x2c, 0xb4, 0xb5, 0x34, 0x05, 0x4a, 0x02, 0xb5, 0x85, 0x31, 0x72, 0x30,
  0xdd, 0x54, 0x90, 0x74, 0x95, 0x97, 0xef, 0x89, 0x96, 0x0b, 0xf6, 0xa5,
  0x36, 0x36, 0x77, 0x24, 0x3b, 0x7b, 0x5b, 0xc7, 0x4d, 0x8b, 0x85, 0xa0,
  0x42, 0xb4, 0xc4, 0xf5, 0x71, 0xaf, 0x84, 0x04, 0x76, 0xa3, 0x14, 0x88,
  0xe2, 0xb8, 0x84, 0x9c, 0x18, 0xb2, 0x78, 0xf0, 0x2b, 0x6d, 0x10, 0xf2,
  0x28, 0x34, 0xdf, 0xd8, 0x28, 0x17, 0xbb, 0x0d, 0xfc, 0x1a, 0xc0, 0x59,
  0xb0, 0x26, 0x39, 0x09, 0x41, 0x25, 0x7e, 0x20, 0x52, 0x80, 0xef, 0x9c,
  0x6b, 0x26, 0x90, 0x15, 0x05, 0x5f, 0x40, 0x1c, 0xa3, 0x5c, 0x88, 0x8a,
  0x3c, 0x6f, 0xad, 0x4a, 0x6d, 0xfe, 0xc8, 0x6f, 0x6c, 0xfc, 0xfe, 0xf0,
  0x60, 0xeb, 0xd8, 0xdb, 0xf5, 0x76, 0x3e, 0x1e, 0x6d, 0x3d, 0xfc, 0xa7,
  0x87, 0xff, 0x78, 0xa8, 0xa4, 0x6d, 0x9b, 0x0b, 0x2f, 0xf5, 0xf6, 0x7d,
  0xee, 0xa9, 0xda, 0xb4, 0x89, 0x89, 0xdb, 0xc7, 0xcb, 0xca, 0xbf, 0x70,
  0x57, 0xfe, 0x62, 0xa0, 0x82, 0x2c, 0x4d, 0x29, 0xa9, 0x35, 0x29, 0x06,
  0xea, 0x5b, 0x51, 0x15, 0xd2, 0x9c, 0x73, 0x03, 0x66, 0xa5, 0xb3, 0x09,
  0x48, 0x3c, 0x3e, 0xde, 0x25, 0x81, 0x7c, 0xe1, 0xa3, 0x76, 0x3e, 0xf6,
  0x7b, 0xab, 0x1d, 0xdd, 0x25, 0x7d, 0x68, 0xea, 0xd4, 0xa0, 0x5b, 0x80,
  0x37, 0x0e, 0x92, 0x67, 0xe8, 0xc3, 0x49, 0xa9, 0x47, 0x04, 0x55, 0x3c,
  0x75, 0xe3, 0x41, 0x43, 0x12, 0xfa, 0x1f, 0x28, 0x5a, 0xd1, 0xd0, 0x3a,
  0x2b, 0x56, 0xd1, 0x31, 0xca, 0xc9, 0xa1, 0xa6, 0x51, 0x89, 0x10, 0xf3,
  0xc8, 0x84, 0x41, 0xad, 0x4d, 0x49, 0x96, 0x8f, 0x67, 0x93, 0x09, 0xcb,
  0x6f, 0x80, 0xe5, 0x42, 0x4b, 0xb2, 0x09, 0x8c, 0x06, 0x44, 0x42, 0xb4,
  0xfd, 0x1a, 0x03, 0x6f, 0x9e, 0x15, 0x24, 0xbd, 0x82, 0xe8, 0xc7, 0xb5,
  0x62, 0xce, 0xd2, 0x48, 0xa2, 0x50, 0x89, 0x75, 0x84, 0x1c, 0xa9, 0x2a,
  0xb1, 0xb9, 0x95, 0x48, 0x34, 0x4e, 0x41, 0x2e, 0x6e, 0xa3, 0x94, 0x6f,
  0xd1, 0x48, 0x04, 0x83, 0x26, 0x8b, 0x5a, 0x53, 0xdd, 0x36, 0xea, 0x95,
  0x3a, 0x18, 0xfa, 0x35, 0x30, 0xf8, 0x1b, 0x5b, 0x80, 0x6a, 0xb2, 0x2b,
  0x14, 0x4f, 0xb5, 0x2a, 0xb1, 0xed, 0x6d, 0x83, 0xb0, 0x81, 0x0a, 0x25,
  0x60, 0x5e, 0x50, 0x9e, 0xa5, 0x81, 0xd0, 0x14, 0x72, 0xaf, 0xc8, 0x7e,
  0x49, 0x40, 0x74, 0x55, 0x8a, 0xd3, 0x9a, 0x2e, 0x5c, 0x8e, 0xeb, 0x00,
  0x7a, 0xb0, 0x39, 0xab, 0x79, 0x7c, 0x43, 0x5b, 0xd1, 0xec, 0x53, 0x8b,
  0xf8, 0x70, 0xc1, 0x30, 0xac, 0xe1, 0x39, 0xde, 0x78, 0x5e, 0x9e, 0xf2,
  0x33, 0x68, 0x93, 0x55, 0x1a, 0xf3, 0xdb, 0x42, 0xe7, 0x80, 0x9c, 0x6a,
  0x09, 0xa7, 0x22, 0x6f, 0x3c, 0x15, 0xb9, 0x5e, 0xd3, 0x88, 0x89, 0x2b,
  0x3d, 0xba, 0xc0, 0x15, 0x30, 0x11, 0xf2, 0x9e, 0x42, 0x8d, 0xc8, 0x65,
  0x22, 0x82, 0xa6, 0x16, 0x37, 0xf9, 0x5c, 0x1c, 0xe1, 0x7f, 0x73, 0x1c,
  0xe1, 0xcf, 0xc0, 0x11, 0x8b, 0x47, 0x91, 0x4d, 0x9d, 0x20, 0xcf, 0x65,
  0xd8, 0x1c, 0x77, 0x96, 0x39, 0x1f, 0xce, 0x80, 0xd1, 0x91, 0x34, 0x99,
  0x2f, 0x05, 0x16, 0xdf, 0x5e, 0x61, 0xeb, 0xa3, 0x4e, 0xbd, 0xed, 0xdd,
  0x31, 0x9b, 0x16, 0xc0, 0x97, 0x91, 0x62, 0x0f, 0x85, 0x14, 0x16, 0xa7,
  0xfc, 0xda, 0xdb, 0x42, 0x61, 0x31, 0xd0, 0x1c, 0x73, 0x17, 0xbe, 0xd2,
  0xdd, 0xfa, 0x38, 0xd0, 0x97, 0x72, 0xee, 0x30, 0xea, 0x8c, 0x2c, 0xd3,
  0xb6, 0x09, 0x8a, 0xdb, 0x6e, 0xb3, 0xe9, 0x74, 0x7c, 0x43, 0xee, 0x02,
  0x11, 0x0b, 0x01, 0x7d, 0x90, 0x9a, 0xdb, 0x3c, 0xbd, 0x3b, 0xde, 0xfb,
  0x30, 0x52, 0x03, 0x70, 0x6b, 0xd6, 0x26, 0x61, 0x16, 0x54, 0xf6, 0x6d,
  0x74, 0x5e, 0x28, 0x34, 0xb8, 0x50, 0xc4, 0xab, 0xed, 0xfa, 0xdc, 0xf5,
  0x4d, 0x23, 0x52, 0xf3, 0xbb, 0x3b, 0x54, 0x38, 0xb2, 0x4d, 0x9f, 0xea,
  0x00, 0x59, 0x65, 0x4b, 0x44, 0x30, 0x23, 0x34, 0x90, 0xc6, 0x55, 0x66,
  0x5e, 0x96, 0x0f, 0xf9, 0x04, 0x90, 0x41, 0x7e, 0x51, 0xc6, 0xe6, 0xa4,
  0x8d, 0x24, 0x65, 0x14, 0x15, 0x97, 0xca, 0xa9, 0x72, 0xc9, 0xf7, 0x9a,
  0x75, 0xe0, 0x6d, 0xff, 0x9e, 0x15, 0x37, 0xe9, 0xc0, 0x33, 0x32, 0x24,
  0xbb, 0xe2, 0xe6, 0x0e, 0x5c, 0x33, 0xa5, 0xfa, 0x76, 0x5a, 0x72, 0xa1,
  0x8a, 0x59, 0x0b, 0xdb, 0xf2, 0x10, 0xb0, 0xef, 0xac, 0xd5, 0xe5, 0x16,
  0xde, 0x16, 0x98, 0x02, 0x0d, 0xd7, 0xd8, 0x1a, 0xf6, 0xb2, 0x06, 0xea,
  0xde, 0xc3, 0x36, 0xd1, 0x79, 0xb1, 0x08, 0xd6, 0x3d, 0xf7, 0x1c, 0xb6,
  0xf8, 0x3e, 0x2a, 0xd5, 0x65, 0xda, 0xa4, 0xb8, 0xf4, 0xc3, 0xb5, 0xb2,
  0xb6, 0x69, 0x51, 0xf4, 0xb3, 0xb6, 0xa9, 0xbf, 0xe5, 0x5d, 0xce, 0x80,
  0xb9, 0x65, 0xf9, 0xbf, 0xff, 0xd3, 0xff, 0xf0, 0xd7, 0xca, 0xfc, 0xe6,
  0xd6, 0xba, 0x99, 0x67, 0xd7, 0x2c, 0x01, 0x2c, 0x9c, 0x26, 0x81, 0xbf,
  0x6c, 0xdd, 0xee, 0x47, 0xb7, 0x13, 0x5e, 0x8e, 0xb2, 0x61, 0xdf, 0xff,
  0x70, 0x78, 0x7c, 0xe2, 0x47, 0xe7, 0xd9, 0xf0, 0xa6, 0x5f, 0xb9, 0xd5,
  0xe5, 0x20, 0x20, 0x44, 0xb5, 0x9b, 0x7d, 0x8b, 0x3e, 0x3d, 0xf3, 0x9e,
  0xbe, 0x36, 0x03, 0x2f, 0xfb, 0x52, 0x9b, 0xc4, 0x07, 0x7d, 0xb1, 0x23,
  0x26, 0x83, 0x84, 0x23, 0xcd, 0x3c, 0xfe, 0xa7, 0x59, 0x32, 0x65, 0x64,
  0xf5, 0xde, 0xf6, 0x1f, 0xbb, 0xf1, 0x37, 0x62, 0xc7, 0xfd, 0x80, 0x95,
  0xb8, 0x73, 0xc2, 0x5b, 0x8e, 0x92, 0xf6, 0x08, 0x2d, 0x32, 0x6a, 0x23,
  0x40, 0x92, 0x57, 0x1d, 0xc2, 0xa1, 0xdd, 0x1b, 0xa0, 0xdf, 0x60, 0x56,
  0x64, 0x33, 0xe7, 0xba, 0x0d, 0xc8, 0xc9, 0x7d, 0x15, 0xc1, 0x80, 0x7d,
  0xd6, 0x67, 0xc0, 0xb5, 0xb4, 0x79, 0x56, 0x70, 0x09, 0xcb, 0x8c, 0x15,
  0x65, 0xe0, 0xff, 0x48, 0x53, 0x72, 0x6f, 0xee, 0xa6, 0x39, 0xf0, 0xa4,
  0x49, 0x8e, 0xf6, 0x3d, 0x38, 0x98, 0x70, 0x4d, 0x48, 0xf9, 0xcf, 0x59,
  0x3d, 0xbc, 0xab, 0x7b, 0xd6, 0x0a, 0xde, 0x9a, 0x0b, 0x74, 0x7e, 0xff,
  0xe4, 0x6a, 0x3e, 0x6d, 0x4f, 0x61, 0x40, 0x2b, 0x27, 0x76, 0x80, 0x34,
  0xf9, 0x22, 0x4b, 0x60, 0x23, 0x17, 0x05, 0xdd, 0x30, 0x7a, 0xa8, 0x17,
  0x4b, 0x07, 0x74, 0x4b, 0xa6, 0x6f, 0x9a, 0xe5, 0x14, 0x6b, 0xb0, 0x43,
  0x15, 0x97, 0xb3, 0x39, 0x9f, 0x37, 0x7d, 0xba, 0x79, 0xa9, 0xcc, 0xff,
  0x6f, 0x33, 0x39, 0x64, 0x10, 0x72, 0x33, 0x1d, 0x3d, 0x91, 0x8b, 0x6c,
  0x3c, 0xce, 0xae, 0x3f, 0x02, 0xdf, 0x0d, 0x6c, 0x80, 0x20, 0xfc, 0x39,
  0x6e, 0x63, 0xa0, 0x77, 0xad, 0x73, 0xa8, 0x81, 0x37, 0xce, 0x79, 0xf5,
  0xf8, 0x4e, 0xe0, 0x75, 0xaa, 0x4a, 0xd1, 0x66, 0x8f, 0x32, 0xa5, 0x6b,
  0x51, 0x17, 0xda, 0x49, 0x3e, 0xb9, 0x66, 0xb9, 0xb0, 0x35, 0x8a, 0x8a,
  0xca, 0xd7, 0xf3, 0x59, 0x32, 0x1e, 0xee, 0x40, 0x97, 0xe2, 0xf3, 0xb8,
  0xfa, 0x39, 0xcb, 0xca, 0xbd, 0xa1, 0xf8, 0x36, 0x8c, 0xb1, 0x1c, 0x30,
  0x0c, 0xd7, 0x41, 0xb8, 0xd4, 0x7d, 0xcd, 0x57, 0xa3, 0x41, 0x1c, 0xe4,
  0x96, 0x89, 0x8f, 0xf0, 0x87, 0x93, 0x26, 0x3e, 0x00, 0x1c, 0xeb, 0x13,
  0x1b, 0x0e, 0x61, 0xb0, 0x00, 0xac, 0x92, 0xe7, 0x40, 0x86, 0xf1, 0x3a,
  0x1b, 0x0b, 0x88, 0x1a, 0x96, 0xce, 0x82, 0x54, 0xb6, 0x44, 0xec, 0xa0,
  0x1b, 0x2a, 0xe2, 0xea, 0x34, 0xcc, 0x77, 0xdc, 0x76, 0x00, 0xc5, 0x2d,
  0x3c, 0xa8, 0x01, 0x55, 0xc4, 0x25, 0x14, 0xf7, 0x92, 0x14, 0x8e, 0x82,
  0xb1, 0x00, 0x57, 0x9b, 0x2e, 0xe5, 0xda, 0xd2, 0x56, 0x11, 0xdd, 0x48,
  0xea, 0x74, 0x30, 0xad, 0xd2, 0xc1, 0xe6, 0xe6, 0x88, 0x97, 0xc8, 0x48,
  0x6b, 0x04, 0x4b, 0x78, 0x91, 0x40, 0x11, 0x60, 0xff, 0xe8, 0xbc, 0xc8,
  0x71, 0x4c, 0xb8, 0xdf, 0xb1, 0xb4, 0x7d, 0x4f, 0xee, 0x1d, 0x08, 0x37,
  0x33, 0xe4, 0x23, 0x66, 0x70, 0xcc, 0x54, 0x29, 0xd1, 0x02, 0x92, 0x78,
  0xd6, 0x9a, 0xd1, 0x8a, 0xbb, 0xf4, 0x2e, 0x0c, 0xa3, 0x19, 0x79, 0x97,
  0xcc, 0xb1, 0x73, 0xeb, 0x74, 0xa2, 0x03, 0x12, 0x1a, 0x02, 0xae, 0x2c,
  0xdc, 0x1a, 0xd6, 0xa1, 0x0a, 0x6f, 0x17, 0x20, 0x70, 0x22, 0xfe, 0xd6,
  0x7f, 0x04, 0xc0, 0xb8, 0x00, 0x91, 0x56, 0xdf, 0x3c, 0xbd, 0x14, 0xd4,
  0x5e, 0x78, 0x1f, 0x4d, 0x63, 0x3c, 0xbd, 0x81, 0x27, 0x80, 0xe1, 0x0f,
  0xc8, 0xc6, 0xea, 0x19, 0x43, 0x43, 0x36, 0x62, 0x01, 0x8e, 0xf7, 0x19,
  0x4a, 0x09, 0x4f, 0xf5, 0x54, 0x86, 0xce, 0x4a, 0x82, 0x64, 0xa2, 0x4e,
  0x84, 0xbe, 0x45, 0x99, 0xdd, 0x95, 0x2d, 0xa3, 0x79, 0xc0, 0xee, 0xde,
  0x47, 0x93, 0x98, 0x88, 0x0a, 0x9a, 0x30, 0x92, 0xbb, 0xc9, 0x40, 0x2a,
  0x87, 0xe9, 0x20, 0xe4, 0x0e, 0x09, 0x11, 0xfb, 0x62, 0x13, 0xb6, 0xdb,
  0x87, 0x0c, 0x6d, 0x65, 0x97, 0xcc, 0x9e, 0x88, 0x6e, 0x07, 0xc0, 0x6e,
  0x71, 0x1c, 0x43, 0x4b, 0x7a, 0x7f, 0x58, 0x04, 0x41, 0x32, 0x33, 0xa6,
  0xf8, 0x46, 0x3c, 0xdc, 0xbc, 0xca, 0x92, 0xa1, 0x37, 0x0d, 0xe0, 0xe8,
  0x6b, 0xa2, 0x14, 0xd4, 0x57, 0x3e, 0x21, 0x3a, 0x08, 0x7c, 0xca, 0x6c,
  0x8c, 0xee, 0x22, 0x6d, 0xef, 0x53, 0x06, 0x3f, 0x40, 0xc4, 0x60, 0x74,
  0x8b, 0xc6, 0xbc, 0xe9, 0xc3, 0xaf, 0x97, 0x00, 0x47, 0xc0, 0xd6, 0x2b,
  0x9e, 0x27, 0x88, 0x9b, 0x1e, 0x5e, 0x0b, 0xe6, 0x74, 0x05, 0x28, 0x11,
  0x98, 0x98, 0xdd, 0x3e, 0x75, 0x07, 0xb0, 0x3d, 0x81, 0x63, 0x23, 0x9b,
  0x95, 0xc1, 0x24, 0xea, 0xbe, 0xec, 0x00, 0x07, 0x2a, 0x38, 0x34, 0xde,
  0x86, 0x59, 0xdd, 0xdd, 0x09, 0x8e, 0x2e, 0xce, 0xd0, 0x72, 0x4d, 0xd1,
  0x8e, 0xc5, 0x45, 0xad, 0xbf, 0x55, 0xaf, 0xc2, 0x85, 0x38, 0xce, 0xa2,
  0x3c, 0x26, 0x0b, 0x37, 0x4d, 0x45, 0xac, 0x82, 0xfa, 0x1d, 0x96, 0x2c,
  0xa2, 0x24, 0x1e, 0x53, 0x49, 0x22, 0x28, 0x76, 0x31, 0x7a, 0x81, 0x65,
  0xc6, 0x6b, 0xd0, 0x7b, 0x8e, 0x17, 0xd1, 0xa6, 0x97, 0x08, 0x80, 0xd3,
  0x81, 0x5d, 0x5e, 0xce, 0xd8, 0x38, 0xf9, 0x85, 0x3d, 0xfc, 0xb3, 0xe0,
  0xfa, 0x05, 0x5c, 0x84, 0x3f, 0xa6, 0x9a, 0x29, 0xb1, 0x84, 0xc2, 0x80,
  0x45, 0x40, 0x46, 0x6d, 0x57, 0x64, 0x69, 0x80, 0x75, 0xea, 0x84, 0x73,
  0x51, 0xa0, 0x23, 0xbd, 0x70, 0x41, 0x08, 0x12, 0x3f, 0xd0, 0x5a, 0xa7,
  0x00, 0x2a, 0x6c, 0x7b, 0xe7, 0xc2, 0x83, 0x81, 0x1c, 0xa2, 0xca, 0x35,
  0x20, 0x71, 0x76, 0xdd, 0x1e, 0x67, 0x03, 0xa9, 0x18, 0x95, 0x0a, 0x4e,
  0xe9, 0x38, 0xbc, 0xe4, 0x2f, 0x03, 0x62, 0xbf, 0x81, 0x7e, 0xc3, 0x7e,
  0xb9, 0x19, 0xf8, 0xca, 0x0e, 0x8c, 0x74, 0x13, 0xa4, 0x05, 0x5f, 0x5c,
  0xec, 0xac, 0x97, 0xed, 0x29, 0x87, 0x1e, 0xd2, 0x72, 0x71, 0x71, 0x16,
  0xe8, 0x87, 0x30, 0xf2, 0x2f, 0x58, 0x82, 0xcc, 0xa4, 0x29, 0xbd, 0x19,
  0xcc, 0x2f, 0x2d, 0x50, 0x68, 0x0b, 0x98, 0x5b, 0x1b, 0x4e, 0x17, 0x6c,
  0x3c, 0xca, 0x66, 0x7d, 0xd4, 0x02, 0x96, 0x6d, 0xd8, 0x13, 0x19, 0x5a,
  0x46, 0x17, 0x28, 0x5d, 0x71, 0xc0, 0x89, 0x11, 0xc7, 0xab, 0x53, 0x8b,
  0x24, 0x81, 0x9c, 0x13, 0xf6, 0x93, 0x4d, 0xd1, 0x56, 0x95, 0x91, 0x49,
  0xd2, 0x64, 0x90, 0x64, 0xb3, 0xc8, 0x43, 0xbe, 0x43, 0x9b, 0x05, 0xa5,
  0xcc, 0x02, 0xbf, 0x59, 0x35, 0xb1, 0x0e, 0x4d, 0x83, 0x41, 0x2c, 0xf4,
  0x87, 0x68, 0x5f, 0x6e, 0x4f, 0x6c, 0x16, 0xd0, 0xf2, 0x54, 0x68, 0xf1,
  0x5b, 0xd9, 0x9a, 0x07, 0x0c, 0xc0, 0x15, 0x61, 0x3e, 0xb4, 0x29, 0xd9,
  0x54, 0x1a, 0xd1, 0xc3, 0xbf, 0xc2, 0x90, 0x00, 0xed, 0x15, 0x3e, 0x50,
  0x47, 0xb4, 0xda, 0x75, 0x1c, 0x0f, 0xfb, 0xee, 0xce, 0x6b, 0x86, 0x18,
  0xc9, 0x87, 0x82, 0x2e, 0xe1, 0x15, 0x32, 0x0c, 0x23, 0xcf, 0x10, 0x4a,
  0x44, 0xe8, 0xa5, 0x21, 0x1c, 0x6d, 0xc1, 0xfa, 0x46, 0x63, 0x30, 0xea,
  0x42, 0xc8, 0x1c, 0x53, 0x5e, 0x26, 0x39, 0xce, 0xf4, 0xb9, 0xc3, 0xa8,
  0x02, 0x1b, 0xcf, 0x90, 0x21, 0x97, 0xc0, 0x4e, 0x2d, 0x94, 0x87, 0x41,
  0x31, 0x77, 0xc8, 0xcd, 0xdd, 0xdc, 0xdf, 0xaf, 0x35, 0xbc, 0xac, 0x70,
  0x4e, 0xe3, 0x8c, 0x0d, 0x77, 0xf8, 0x55, 0x32, 0xe0, 0xfb, 0x99, 0xb2,
  0xc2, 0x23, 0xc1, 0x61, 0xd8, 0x1a, 0xf2, 0xab, 0x71, 0x26, 0x24, 0x07,
  0x67, 0x49, 0x84, 0x68, 0x20, 0xc4, 0x1f, 0x41, 0x15, 0x2f, 0x38, 0xd2,
  0x37, 0x83, 0xf2, 0x50, 0xad, 0x00, 0xbe, 0x0a, 0xb5, 0xde, 0x00, 0x98,
  0xfe, 0xed, 0xd6, 0x60, 0xc0, 0xa7, 0x65, 0xdf, 0xc7, 0x66, 0x96, 0x61,
  0x7f, 0x80, 0xf8, 0x73, 0x7f, 0x1f, 0xae, 0x91, 0x53, 0x5f, 0x3b, 0xfb,
  0x12, 0x96, 0x23, 0x34, 0x4e, 0x42, 0xf9, 0x76, 0x17, 0x11, 0x34, 0xf0,
  0xdf, 0x9d, 0x9c, 0x7c, 0x20, 0x64, 0x12, 0xd6, 0x71, 0xc2, 0xec, 0x03,
  0xaf, 0xe0, 0xa8, 0x3b, 0x4e, 0xe3, 0x09, 0x42, 0x65, 0x34, 0xbd, 0x86,
  0xd7, 0x48, 0x96, 0xd2, 0x9f, 0xb5, 0x8b, 0xe9, 0x38, 0x01, 0xc6, 0xeb,
  0x0f, 0x28, 0x66, 0xc9, 0xab, 0x7b, 0x7f, 0x9d, 0x54, 0x3b, 0xe2, 0x1e,
  0xd3, 0xd8, 0xd3, 0x58, 0x37, 0x8e, 0x80, 0x89, 0x83, 0x1c, 0xe8, 0xf9,
  0x49, 0x36, 0x8d, 0xd5, 0xef, 0x77, 0xe4, 0x12, 0x02, 0x7b, 0x77, 0x9e,
  0x79, 0xde, 0x30, 0x99, 0xf8, 0x1b, 0xce, 0x0e, 0xf2, 0x98, 0x51, 0x0f,
  0x01, 0x07, 0x81, 0xde, 0xff, 0x33, 0xd2, 0x34, 0x28, 0xcd, 0x8f, 0x61,
  0x0f, 0xe7, 0x35, 0xca, 0xfd, 0x8d, 0xb4, 0x7e, 0x12, 0x8c, 0xb9, 0x38,
  0x03, 0xa8, 0xc9, 0xca, 0xb6, 0x55, 0x6d, 0x0b, 0xaf, 0xc5, 0x77, 0xbb,
  0xef, 0x77, 0x3f, 0xff, 0xb4, 0xfb, 0x0f, 0xb1, 0x9f, 0xa5, 0xd9, 0x45,
  0xce, 0x5b, 0xe5, 0x88, 0x4f, 0x80, 0xcf, 0x39, 0xfe, 0x78, 0xf0, 0x57,
  0xf4, 0x26, 0xec, 0xfd, 0x25, 0xbe, 0x84, 0xae, 0x2f, 0x10, 0x3a, 0x85,
  0x5c, 0xf5, 0xe8, 0x4f, 0x07, 0xfe, 0xf6, 0xd0, 0xb7, 0x06, 0xfe, 0x74,
  0xc4, 0xdf, 0xd5, 0xf6, 0x1b, 0x0f, 0xfe, 0x8d, 0xbb, 0xe8, 0x70, 0xd8,
  0x5e, 0x7d, 0xdf, 0xfd, 0x1e, 0x7d, 0xe7, 0xe0, 0x3f, 0xe6, 0xcd, 0x9b,
  0x76, 0x97, 0x8a, 0xb4, 0xd4, 0x9b, 0x57, 0xe8, 0x2b, 0x87, 0x45, 0xd4,
  0x1b, 0xcb, 0xf1, 0xe5, 0xfd, 0xe1, 0xe1, 0xdf, 0x64, 0xfe, 0xf6, 0x6b,
  0xc4, 0xae, 0x06, 0x6f, 0x98, 0x5e, 0x17, 0x3d, 0xc3, 0x5e, 0x6f, 0xbd,
  0xf1, 0xde, 0x48, 0xc7, 0xbd, 0x6e, 0xb7, 0xdd, 0xf3, 0x56, 0x8c, 0xef,
  0x98, 0xf7, 0xa6, 0xfd, 0x1a, 0xff, 0x59, 0xae, 0x2f, 0xe6, 0x42, 0x5b,
  0x0e, 0xeb, 0x04, 0x97, 0x35, 0x50, 0x6c, 0x85, 0x4f, 0xce, 0x25, 0x48,
  0x53, 0xb5, 0xd2, 0x50, 0xfd, 0x90, 0x61, 0x22, 0x30, 0x62, 0x84, 0xc5,
  0x52, 0x91, 0xe6, 0x50, 0xa0, 0x46, 0xb8, 0x29, 0x6b, 0x03, 0x61, 0x66,
  0xf9, 0x17, 0xcb, 0x2e, 0x8b, 0x34, 0x3c, 0xa2, 0x23, 0x40, 0xd9, 0xb9,
  0x2d, 0x17, 0xf3, 0x5a, 0x8e, 0x78, 0x48, 0xf4, 0x02, 0x4f, 0xc8, 0xf1,
  0x31, 0x70, 0x44, 0xec, 0x12, 0x6f, 0x74, 0xcb, 0x3d, 0x20, 0xa7, 0x81,
  0xc6, 0x54, 0x28, 0x65, 0xf6, 0xc5, 0xbd, 0x26, 0x42, 0xd4, 0x44, 0x0b,
  0x2f, 0x99, 0x42, 0xba, 0xf2, 0xb4, 0x77, 0x8c, 0x99, 0x2e, 0xdf, 0xc4,
  0x95, 0xed, 0x03, 0x76, 0xa3, 0x24, 0x2e, 0xee, 0x27, 0xac, 0x8f, 0xfe,
  0x09, 0x9f, 0x30, 0x54, 0x09, 0xce, 0x40, 0x48, 0xee, 0x8b, 0x27, 0xd8,
  0x68, 0xf0, 0x00, 0xe2, 0x4c, 0xce, 0xae, 0x8f, 0x41, 0x18, 0xfb, 0x82,
  0x04, 0x0f, 0xe3, 0x77, 0xb4, 0x0a, 0x7c, 0xf2, 0xed, 0x58, 0x1e, 0x11,
  0x1b, 0xe0, 0x01, 0xeb, 0x58, 0xfc, 0xab, 0x57, 0x8a, 0xa3, 0x03, 0xc0,
  0x6e, 0x67, 0x93, 0x29, 0x4c, 0x7e, 0x78, 0x8c, 0xec, 0x75, 0x30, 0x0f,
  0x50, 0x21, 0xae, 0x01, 0xc8, 0xf9, 0x70, 0x88, 0x94, 0x37, 0x9f, 0x90,
  0x9d, 0x0d, 0xfc, 0x56, 0xeb, 0x32, 0x4f, 0xb5, 0x0b, 0x08, 0x1c, 0xcf,
  0x7f, 0xf7, 0xe6, 0xfb, 0xe1, 0xf7, 0x9d, 0x8e, 0xb5, 0x0a, 0x42, 0x92,
  0xb4, 0xac, 0xfc, 0x10, 0x38, 0xf8, 0x0e, 0xc5, 0xa3, 0x98, 0xc4, 0x48,
  0x3c, 0x4b, 0xd7, 0x58, 0x65, 0x21, 0x80, 0x86, 0xc1, 0x12, 0xe4, 0x9b,
  0x3e, 0x03, 0xea, 0x81, 0xab, 0xab, 0xcc, 0x8d, 0xa3, 0x6a, 0x49, 0x61,
  0x86, 0x93, 0x5c, 0xc9, 0xe2, 0x45, 0x01, 0xe5, 0xf1, 0xa9, 0xef, 0x4f,
  0x33, 0x20, 0xa6, 0xc8, 0x9f, 0xab, 0x3e, 0x85, 0x8c, 0xe9, 0x1c, 0x0a,
  0xdc, 0xd5, 0x09, 0xc3, 0x88, 0x91, 0xdf, 0x10, 0x22, 0x23, 0x50, 0x02,
  0x96, 0xab, 0x63, 0x88, 0x1a, 0x68, 0x7f, 0x06, 0x76, 0x45, 0xfd, 0x8a,
  0xad, 0x43, 0x0a, 0xb8, 0xb1, 0x49, 0x52, 0x14, 0x27, 0xf8, 0x09, 0x86,
  0xf1, 0x86, 0xaf, 0xf4, 0x57, 0x7b, 0x1d, 0x5b, 0x3d, 0x6a, 0x97, 0x00,
  0xf0, 0xcf, 0x69, 0xdb, 0x40, 0xc7, 0x1e, 0x95, 0xef, 0x7a, 0xc4, 0x28,
  0x77, 0x98, 0xa1, 0xe5, 0x0b, 0x43, 0xbf, 0x1d, 0x97, 0x95, 0x8a, 0x3c,
  0x0b, 0x65, 0x50, 0x33, 0x25, 0x70, 0xb2, 0xd9, 0x5f, 0x86, 0xc6, 0x54,
  0x69, 0xbc, 0xdb, 0xdc, 0x38, 0x49, 0xc4, 0x4f, 0xb4, 0xdc, 0xa9, 0xec,
  0xc5, 0x9d, 0x84, 0x5d, 0xa6, 0x59, 0x51, 0x26, 0x83, 0xe2, 0x38, 0x65,
  0xd3, 0x62, 0x94, 0xc1, 0xcc, 0xc3, 0xdb, 0xc3, 0xf3, 0x3f, 0xf2, 0x41,
  0xd9, 0xfe, 0xc2, 0x6f, 0x0a, 0x04, 0x3c, 0xba, 0x40, 0xd8, 0xba, 0x5f,
  0x5f, 0x99, 0xb4, 0xfb, 0xc0, 0x64, 0x23, 0x8f, 0x2b, 0x64, 0x98, 0x53,
  0x7e, 0x16, 0x97, 0x18, 0xc5, 0xc5, 0xbe, 0xc2, 0x37, 0x9e, 0x06, 0xda,
  0x1c, 0xd3, 0xb2, 0xc1, 0x6c, 0x32, 0xc1, 0x7c, 0xfd, 0x6a, 0xb5, 0xc1,
  0x06, 0x93, 0xde, 0x4a, 0xf3, 0x4c, 0xde, 0x6c, 0x9e, 0xa9, 0xd4, 0xbb,
  0x64, 0x97, 0x39, 0xf4, 0xb4, 0xa1, 0x65, 0xdd, 0x22, 0x73, 0xc9, 0x1f,
  0xf9, 0x7d, 0xb6, 0x09, 0xec, 0xfd, 0xc8, 0x7b, 0xc4, 0x1e, 0x73, 0xc9,
  0x9f, 0xf8, 0x7d, 0x8e, 0xff, 0xb5, 0x6e, 0x58, 0x8a, 0x22, 0x39, 0x41,
  0x8e, 0xc1, 0x48, 0x60, 0x3a, 0x34, 0x0e, 0xc6, 0x12, 0xc0, 0xf2, 0xde,
  0xf0, 0x87, 0x09, 0x99, 0xaf, 0x2e, 0x05, 0xad, 0x57, 0x9d, 0x75, 0xfc,
  0x74, 0x9e, 0x41, 0x53, 0xad, 0xef, 0xc5, 0x43, 0xce, 0x7e, 0xc9, 0x1e,
  0x7e, 0x85, 0x63, 0x18, 0x5e, 0xbd, 0x16, 0xaf, 0x2e, 0x72, 0x36, 0x40,
  0x82, 0x32, 0x99, 0x25, 0x70, 0x1e, 0x8b, 0xa7, 0xd0, 0xed, 0x75, 0x1b,
  0x57, 0xba, 0xa9, 0x5b, 0xd3, 0x30, 0x0a, 0xac, 0xaa, 0x45, 0x60, 0x74,
  0xf1, 0x06, 0xf6, 0x9c, 0x0d, 0x6b, 0xea, 0x67, 0x14, 0x3c, 0xcd, 0x5d,
  0x80, 0x8e, 0x7e, 0x90, 0xdb, 0xea, 0x98, 0x1e, 0x5f, 0x59, 0x5b, 0x08,
  0x56, 0x3b, 0x6f, 0x60, 0x89, 0x41, 0x80, 0x6a, 0xe2, 0xcd, 0x78, 0x24,
  0xf1, 0x04, 0xc6, 0x95, 0x5c, 0xa6, 0x81, 0xe1, 0xd1, 0x7c, 0xb9, 0x95,
  0x5b, 0x27, 0x37, 0x53, 0xdc, 0xf5, 0x88, 0x6b, 0x89, 0x10, 0x6a, 0x96,
  0xff, 0x58, 0xa0, 0xa6, 0x57, 0x71, 0x71, 0xb5, 0x2f, 0xf7, 0xf7, 0x91,
  0xc0, 0x38, 0xe0, 0xc8, 0x04, 0x7d, 0xb9, 0xbb, 0xb3, 0x39, 0xdc, 0x3c,
  0x5c, 0x0b, 0xc5, 0x60, 0x90, 0xc5, 0x03, 0xe2, 0x07, 0x3b, 0x98, 0x6c,
  0x88, 0xad, 0x9d, 0xcf, 0xa3, 0x6e, 0x4f, 0xd9, 0xf7, 0x26, 0x4a, 0xd8,
  0x96, 0x7c, 0x1e, 0xb9, 0x40, 0x0a, 0xcf, 0x48, 0x3a, 0x4a, 0xd2, 0x38,
  0xd9, 0x24, 0x05, 0x25, 0xa9, 0xc9, 0x83, 0x44, 0xf8, 0xeb, 0x58, 0xe7,
  0x07, 0x45, 0x7c, 0x00, 0xbe, 0x52, 0x41, 0x7d, 0x8d, 0x18, 0xcc, 0x20,
  0x89, 0xeb, 0x2c, 0x26, 0x53, 0x2c, 0xa6, 0x1a, 0x7a, 0xac, 0xde, 0x44,
  0x49, 0x1b, 0x55, 0xa1, 0x71, 0x1a, 0x25, 0x4d, 0x4c, 0xb3, 0x54, 0x32,
  0xca, 0x88, 0x50, 0x75, 0xed, 0x80, 0x5f, 0x17, 0xfb, 0x49, 0xf2, 0x9e,
  0xaf, 0x13, 0x1c, 0x0b, 0xf3, 0x7f, 0xaa, 0x0d, 0x3b, 0x90, 0x38, 0x7b,
  0xad, 0x22, 0xb4, 0xc2, 0x4c, 0x09, 0x7d, 0xe3, 0x3b, 0x5a, 0x38, 0xad,
  0x7e, 0x3c, 0x04, 0x11, 0x04, 0x99, 0x1a, 0xfd, 0xe2, 0x03, 0x4a, 0x2f,
  0xa5, 0x7e, 0x7c, 0x2b, 0xb7, 0xbf, 0x7e, 0x81, 0x64, 0x04, 0x1e, 0x90,
  0xe9, 0x39, 0xbe, 0x29, 0xf0, 0x30, 0x16, 0x0f, 0x07, 0xfc, 0x5a, 0x96,
  0x7d, 0x9b, 0xe5, 0x13, 0x5b, 0xbd, 0x69, 0xbb, 0xff, 0x45, 0xd7, 0x09,
  0x14, 0xb0, 0x22, 0x55, 0xa1, 0xde, 0xb3, 0x62, 0xc3, 0xa3, 0x46, 0x78,
  0x0b, 0x94, 0x6d, 0xd4, 0xc2, 0xbb, 0xef, 0xca, 0xa1, 0x21, 0xd5, 0x8b,
  0x69, 0x36, 0xe4, 0xa4, 0x5e, 0xc4, 0xbd, 0x18, 0x51, 0x61, 0xf2, 0x72,
  0x68, 0x2c, 0x8c, 0x5f, 0x84, 0x2e, 0x52, 0x94, 0x9c, 0x0c, 0x66, 0xcd,
  0x05, 0xe1, 0x83, 0x29, 0x75, 0x71, 0xdd, 0x5c, 0xc8, 0x52, 0x8b, 0x52,
  0x50, 0x11, 0xed, 0x83, 0x34, 0x02, 0x26, 0xef, 0x22, 0x41, 0x65, 0xba,
  0x7d, 0x80, 0x4c, 0x01, 0x3e, 0x80, 0x33, 0x66, 0x67, 0xcb, 0x66, 0x70,
  0x2b, 0xb1, 0x71, 0x18, 0xd9, 0x2e, 0x4a, 0xfe, 0xcf, 0xc9, 0xdb, 0xc4,
  0xd3, 0x66, 0xb3, 0x9a, 0x06, 0xb9, 0x55, 0xa4, 0xd7, 0x17, 0x09, 0xab,
  0xef, 0xff, 0x54, 0x96, 0x1f, 0xf0, 0x2a, 0x4f, 0xcd, 0x00, 0x9e, 0x61,
  0xbc, 0x29, 0x79, 0x4c, 0x84, 0x62, 0x22, 0xb3, 0xa9, 0x63, 0xde, 0xe4,
  0x8b, 0xdb, 0x49, 0xba, 0x86, 0xa6, 0xae, 0x34, 0xe9, 0x96, 0x6d, 0xcc,
  0xa6, 0x68, 0xb1, 0xa2, 0x7a, 0xb9, 0xb7, 0x2c, 0x22, 0x4b, 0x25, 0x59,
  0x8b, 0x65, 0x42, 0x6d, 0x36, 0xaf, 0x30, 0x18, 0x08, 0x37, 0x64, 0x62,
  0xbf, 0x10, 0x93, 0xa1, 0x5f, 0x30, 0xf4, 0x72, 0x02, 0xd0, 0xb0, 0x86,
  0x53, 0x12, 0x64, 0xf4, 0x64, 0x8c, 0x07, 0x97, 0x40, 0xdc, 0x2c, 0x27,
  0x4e, 0xc3, 0x71, 0xb6, 0xac, 0x08, 0x93, 0x91, 0x55, 0x87, 0xd8, 0xb5,
  0x80, 0x55, 0x0f, 0x48, 0x53, 0xc0, 0x6d, 0xac, 0x5b, 0x69, 0xac, 0xc4,
  0x7b, 0x67, 0xc1, 0xfe, 0xb9, 0xba, 0x22, 0x71, 0xd3, 0x67, 0xa9, 0x65,
  0x49, 0x93, 0x2b, 0x14, 0x44, 0x0a, 0x0c, 0xfe, 0x1c, 0x8e, 0x08, 0x2d,
  0x35, 0xfc, 0xaa, 0xf2, 0x09, 0x24, 0x7c, 0x85, 0x3a, 0xf5, 0xc6, 0x95,
  0x69, 0xbb, 0x6e, 0x19, 0x04, 0x7e, 0x09, 0x8c, 0x39, 0x13, 0x34, 0x90,
  0x92, 0xc3, 0x6f, 0xa0, 0x0e, 0x4a, 0xad, 0x97, 0xdb, 0xa2, 0x3f, 0x85,
  0xf9, 0x7a, 0x74, 0xdc, 0xdf, 0xd2, 0x12, 0x8c, 0x33, 0xd0, 0x43, 0xd0,
  0x8a, 0x17, 0xa5, 0x3c, 0xcc, 0x9e, 0xe8, 0xa9, 0x5e, 0x01, 0x0f, 0xd3,
  0xfa, 0x46, 0x73, 0x22, 0xfe, 0x84, 0x36, 0x53, 0x0d, 0x8d, 0x8b, 0x4b,
  0x95, 0x1f, 0xd8, 0xf0, 0x92, 0x4b, 0x05, 0xf2, 0xad, 0xf0, 0xfd, 0xb3,
  0x76, 0xa1, 0x20, 0xcf, 0xad, 0x73, 0x2c, 0x84, 0xd0, 0x8f, 0xb8, 0x83,
  0x05, 0xcc, 0x6d, 0x51, 0xef, 0x2a, 0x7d, 0x09, 0xfd, 0x43, 0x06, 0x4c,
  0x31, 0x4b, 0x03, 0x7b, 0x9f, 0xed, 0x4d, 0x77, 0xd2, 0xc2, 0x71, 0xc4,
  0x06, 0x66, 0xa6, 0xdc, 0x94, 0xe7, 0x33, 0x9d, 0xc8, 0x7d, 0x3f, 0xbb,
  0xb8, 0xf0, 0xa3, 0x52, 0xbc, 0x16, 0x1b, 0x0f, 0x19, 0x6a, 0x3e, 0xf1,
  0xf0, 0x41, 0x90, 0x6b, 0x0a, 0x68, 0x84, 0x1e, 0x65, 0x04, 0x2f, 0x49,
  0x4a, 0xb0, 0x83, 0x39, 0xa4, 0x84, 0xb9, 0x34, 0xe3, 0xfd, 0xdf, 0x9f,
  0x9c, 0x88, 0x8d, 0x5c, 0x5a, 0x84, 0xc1, 0x06, 0x0a, 0x69, 0x66, 0x44,
  0x83, 0x11, 0x83, 0xdd, 0x4a, 0x02, 0x7f, 0x52, 0x6c, 0x0d, 0x60, 0x29,
  0x41, 0x58, 0x21, 0x27, 0xfd, 0xad, 0xed, 0x93, 0x8f, 0x5b, 0x27, 0x87,
  0x47, 0xc2, 0x55, 0xf1, 0x12, 0x84, 0xcf, 0x69, 0x94, 0x14, 0xdb, 0x68,
  0x24, 0x87, 0xdf, 0x31, 0x40, 0x81, 0x1b, 0x26, 0xa1, 0x16, 0x19, 0x01,
  0x8a, 0x7f, 0x02, 0x66, 0x15, 0xb0, 0x03, 0x2b, 0xf4, 0xa8, 0x1d, 0x34,
  0x53, 0x42, 0x18, 0x83, 0x48, 0x01, 0x9f, 0x77, 0x58, 0x31, 0x3a, 0xcf,
  0x58, 0x3e, 0x44, 0xae, 0xa0, 0x28, 0x30, 0xc0, 0x21, 0x94, 0x34, 0x03,
  0x09, 0xd0, 0xbc, 0x77, 0x41, 0x37, 0x83, 0xf7, 0xfb, 0x68, 0x08, 0xbe,
  0x45, 0xeb, 0x82, 0x45, 0x01, 0x86, 0xd2, 0xba, 0x02, 0x6d, 0x46, 0xc4,
  0x5f, 0xdb, 0x62, 0xbb, 0x3c, 0x21, 0x87, 0xc0, 0x13, 0xa8, 0x64, 0xd1,
  0x26, 0xde, 0xe0, 0x4c, 0x8e, 0xbc, 0x49, 0x89, 0xc4, 0xb7, 0x01, 0x39,
  0xc9, 0x0b, 0x86, 0x0f, 0xf5, 0x1d, 0x46, 0xa9, 0x5d, 0x88, 0xcc, 0x68,
  0xe0, 0x65, 0x84, 0xea, 0xe6, 0xaa, 0x51, 0x8c, 0x36, 0x84, 0x27, 0xc7,
  0x8e, 0xba, 0x6d, 0x2c, 0xf5, 0x59, 0xa9, 0x04, 0x85, 0x71, 0xa1, 0xe7,
  0x6f, 0x93, 0x12, 0xdd, 0x37, 0x7d, 0x62, 0x3c, 0xac, 0xb6, 0xfa, 0x3e,
  0x48, 0x94, 0xe8, 0xaf, 0xf3, 0xe7, 0x3c, 0xc9, 0x1c, 0x53, 0x13, 0x10,
  0x14, 0x53, 0x79, 0xce, 0x6e, 0x13, 0xba, 0x22, 0xaf, 0xff, 0xb8, 0x31,
  0x31, 0xb2, 0x01, 0xb1, 0xe1, 0xf7, 0xcf, 0x5e, 0xa0, 0xc4, 0x91, 0x0c,
  0xbe, 0x04, 0x5a, 0x8d, 0x36, 0xd7, 0xcb, 0x75, 0x0f, 0xf1, 0xc0, 0x75,
  0x1a, 0x43, 0x25, 0x5d, 0xc0, 0xd6, 0x81, 0x37, 0x93, 0xb6, 0xf2, 0x8f,
  0x77, 0x7e, 0x41, 0x86, 0x48, 0x4c, 0x1a, 0x22, 0x89, 0xbd, 0x2b, 0x54,
  0x69, 0x7b, 0x69, 0x99, 0x7d, 0x42, 0x0e, 0xe5, 0xf6, 0x9c, 0x8f, 0xd8,
  0x55, 0x92, 0xe5, 0xb0, 0x79, 0x26, 0x59, 0x56, 0x8e, 0xfc, 0xe8, 0x1c,
  0x6d, 0x9b, 0xfb, 0x3e, 0xca, 0xd4, 0x3c, 0xc7, 0x2b, 0x58, 0x5e, 0x25,
  0x91, 0x17, 0xf0, 0x38, 0xf2, 0x6b, 0xea, 0x77, 0xde, 0x70, 0x06, 0xa9,
  0xa2, 0x5d, 0xe9, 0x17, 0x56, 0x5d, 0x24, 0x35, 0xd2, 0xd8, 0x27, 0x9e,
  0x04, 0xc6, 0x89, 0x96, 0xe8, 0x20, 0x2d, 0x0d, 0xf0, 0x3a, 0xf7, 0xbe,
  0xca, 0xc6, 0x18, 0xce, 0x4a, 0xea, 0x3c, 0x1b, 0xa0, 0x17, 0x95, 0x74,
  0x5d, 0x21, 0x43, 0x5c, 0xd4, 0xf7, 0x06, 0xb9, 0xa1, 0xa9, 0x02, 0x00,
  0xde, 0x05, 0x67, 0xa3, 0x90, 0x03, 0x58, 0x76, 0x85, 0x56, 0xb0, 0xf4,
  0xca, 0x35, 0x61, 0x2e, 0x8d, 0xed, 0x6d, 0xc5, 0xa5, 0x87, 0xec, 0x40,
  0xcb, 0x8a, 0x6f, 0x92, 0x6d, 0x37, 0x8f, 0xfb, 0x46, 0x39, 0x07, 0xfc,
  0xc5, 0xbe, 0x49, 0x96, 0x57, 0x92, 0x5d, 0x6b, 0xbe, 0x63, 0x12, 0x74,
  0xf5, 0xe2, 0x71, 0x0f, 0x90, 0x53, 0x16, 0xe5, 0x67, 0x0a, 0x1c, 0x92,
  0x1c, 0x2b, 0x45, 0x2c, 0x09, 0x61, 0xa1, 0x71, 0x10, 0xc1, 0x21, 0x3c,
  0x6e, 0xd1, 0x3a, 0xd0, 0x66, 0xd8, 0x92, 0x19, 0xaf, 0x3a, 0xdb, 0xc8,
  0x13, 0x6d, 0x5b, 0x71, 0xd6, 0xb9, 0xeb, 0x74, 0x64, 0xde, 0x7b, 0x2f,
  0x5c, 0x17, 0x27, 0x1c, 0xef, 0xf6, 0xe1, 0x8f, 0xb6, 0x49, 0x6b, 0x94,
  0xc4, 0x92, 0x94, 0xc2, 0xc2, 0x6d, 0x76, 0x3b, 0x9d, 0x56, 0xd9, 0x2f,
  0x9f, 0x70, 0xc5, 0x42, 0xc7, 0x60, 0x53, 0xa7, 0x56, 0xca, 0xa3, 0x00,
  0x34, 0x50, 0xa8, 0xb3, 0x9e, 0x3c, 0xd3, 0x43, 0xcb, 0x8a, 0x7c, 0xf3,
  0x94, 0x87, 0x56, 0xa3, 0x6b, 0x0f, 0x34, 0x91, 0x2c, 0xbd, 0xf8, 0xad,
  0x70, 0xb2, 0xd3, 0x0e, 0xbf, 0xb6, 0x39, 0x6a, 0xce, 0xd2, 0x4b, 0x2e,
  0xad, 0x51, 0x3b, 0xd2, 0x1a, 0x15, 0xbd, 0x38, 0x8c, 0xb1, 0x69, 0xa2,
  0xcd, 0x84, 0x69, 0xfc, 0x0d, 0x3e, 0x42, 0x4c, 0x6b, 0xd9, 0xfb, 0x8f,
  0xaf, 0x20, 0x41, 0xa1, 0x64, 0x53, 0x82, 0x41, 0x93, 0xe3, 0x98, 0x20,
  0xf5, 0xcd, 0xae, 0x63, 0x92, 0xc4, 0x93, 0xfd, 0x2b, 0xd5, 0x26, 0x27,
  0xaf, 0xbe, 0x7f, 0xc1, 0xc6, 0x05, 0xf7, 0x1b, 0x5c, 0xcc, 0x2c, 0xca,
  0x0f, 0xe5, 0x01, 0x80, 0x9e, 0x5f, 0x5d, 0xf6, 0xff, 0x93, 0x80, 0xaf,
  0x75, 0xaf, 0x10, 0x5d, 0xc0, 0x4b, 0xdb, 0x4e, 0xa3, 0xa5, 0x6f, 0x83,
  0x59, 0xae, 0x05, 0xd2, 0x9a, 0x61, 0x2a, 0x1a, 0x40, 0x9a, 0x73, 0xa4,
  0x30, 0xb2, 0xe4, 0x30, 0x2b, 0x94, 0xe1, 0x69, 0x24, 0x68, 0x4d, 0x41,
  0xd1, 0x1c, 0x8b, 0x16, 0xed, 0x8d, 0x47, 0x63, 0xb4, 0xc8, 0x1d, 0x1f,
  0xba, 0x15, 0x2b, 0x5e, 0x16, 0x92, 0x06, 0x25, 0xc5, 0x2e, 0x06, 0x9a,
  0x44, 0x93, 0xaf, 0x4d, 0x0a, 0x39, 0x79, 0xb3, 0x0d, 0x64, 0x10, 0x0d,
  0x3a, 0x61, 0x03, 0x88, 0x70, 0xc8, 0xf8, 0x49, 0x46, 0x46, 0x16, 0xdf,
  0xa2, 0x85, 0x4e, 0xc5, 0xca, 0x16, 0x3d, 0x2c, 0x68, 0x31, 0xe3, 0xf7,
  0xbb, 0x5b, 0xc7, 0x1f, 0x8f, 0x76, 0x65, 0x7c, 0xc6, 0x63, 0xcd, 0xa7,
  0xe8, 0x00, 0x0c, 0x9b, 0x14, 0xc0, 0x8b, 0x9b, 0x1d, 0x33, 0x5a, 0xdd,
  0x78, 0x51, 0x5d, 0x0c, 0x78, 0xe7, 0xd8, 0xda, 0x03, 0x0a, 0x0b, 0xef,
  0xeb, 0xe2, 0xaa, 0x55, 0x43, 0x5a, 0x7c, 0x14, 0x73, 0x14, 0x2a, 0x23,
  0x49, 0x45, 0x75, 0x8f, 0x55, 0x5b, 0x61, 0xb3, 0x34, 0xc4, 0x8a, 0xed,
  0x1e, 0xec, 0x1e, 0xfd, 0xf8, 0x0f, 0x9f, 0x75, 0x4c, 0x64, 0xdf, 0x44,
  0xe5, 0x04, 0xf2, 0xe8, 0x86, 0xe8, 0x84, 0x17, 0x95, 0x58, 0xa5, 0x95,
  0x30, 0xa4, 0x18, 0x7a, 0x49, 0x00, 0x94, 0xf8, 0xb6, 0xf5, 0xd8, 0x6d,
  0xbd, 0x0e, 0x8e, 0x48, 0x16, 0x78, 0xbb, 0xb7, 0xbb, 0xbf, 0x83, 0x41,
  0x2b, 0xe1, 0x50, 0xbd, 0x42, 0x4b, 0x81, 0x4b, 0x4e, 0x31, 0x4d, 0x81,
  0xd7, 0x10, 0xa1, 0x8e, 0x67, 0xc0, 0x71, 0x7c, 0xf2, 0xa3, 0x21, 0x05,
  0x75, 0xc5, 0x93, 0x57, 0x5c, 0x28, 0x50, 0x21, 0xb2, 0xa7, 0x4d, 0xd1,
  0x2e, 0x06, 0x4b, 0x6d, 0x61, 0xa9, 0x9e, 0x28, 0x35, 0xcd, 0xae, 0x79,
  0xfe, 0x96, 0x0d, 0x28, 0xea, 0x71, 0x8a, 0x5b, 0xac, 0x54, 0xf1, 0x69,
  0xcb, 0x87, 0xff, 0x89, 0x91, 0x3f, 0xa9, 0x8e, 0x55, 0xe3, 0x22, 0xe7,
  0x70, 0xf8, 0xa6, 0x83, 0x1b, 0x51, 0x1e, 0x9f, 0xac, 0x82, 0xde, 0xbb,
  0x5f, 0xac, 0x31, 0x08, 0x84, 0xa1, 0x82, 0x32, 0x5c, 0xa9, 0x28, 0xf4,
  0xe5, 0xe7, 0x51, 0x75, 0x0c, 0x7b, 0x68, 0x72, 0x23, 0x46, 0x9b, 0xd0,
  0x4f, 0x62, 0xb7, 0xad, 0xc2, 0x5d, 0xab, 0xf0, 0xee, 0x57, 0x5d, 0x98,
  0x7f, 0x7d, 0xa4, 0x30, 0x48, 0xce, 0x5c, 0x84, 0x7e, 0xbd, 0x62, 0xbf,
  0x24, 0x73, 0x8b, 0x88, 0x10, 0xb6, 0x83, 0x11, 0x4f, 0x30, 0xbc, 0x75,
  0x73, 0x19, 0x11, 0x76, 0x76, 0x9a, 0x51, 0x44, 0x2d, 0xa7, 0xc8, 0x59,
  0x74, 0xb2, 0x75, 0xb4, 0xf7, 0xf6, 0x6d, 0x7c, 0xdb, 0xd5, 0xfd, 0xf4,
  0x4c, 0x73, 0x2b, 0xaa, 0x96, 0xe5, 0xbd, 0x48, 0x27, 0xba, 0xe4, 0x81,
  0xc9, 0x2a, 0x50, 0x6a, 0x11, 0x91, 0x75, 0xb7, 0xa3, 0x9a, 0x92, 0x7e,
  0x0c, 0x71, 0x10, 0x98, 0x11, 0x64, 0xdb, 0x7c, 0x61, 0xbf, 0x07, 0x65,
  0x90, 0xe8, 0x62, 0x40, 0xd4, 0x10, 0x35, 0x56, 0x65, 0x6c, 0xe9, 0xce,
  0xca, 0xba, 0x96, 0x8a, 0x74, 0x69, 0xf2, 0x46, 0x29, 0x23, 0x65, 0xa1,
  0xd5, 0xc2, 0x66, 0x29, 0x74, 0x6d, 0x74, 0xcd, 0x48, 0x13, 0xf9, 0xfc,
  0x61, 0xf7, 0x68, 0xef, 0x50, 0x21, 0x9b, 0x81, 0xe1, 0x27, 0x31, 0xb7,
  0xb2, 0x0e, 0xba, 0x6d, 0x39, 0xd7, 0x52, 0x2d, 0xa9, 0x81, 0xd8, 0x07,
  0x01, 0xb1, 0xb2, 0xbf, 0x02, 0x80, 0xda, 0xda, 0xf9, 0xb4, 0x75, 0xb0,
  0xbd, 0xbb, 0xe3, 0x60, 0x33, 0xad, 0xa8, 0x84, 0xae, 0x8d, 0x73, 0xde,
  0xcf, 0x08, 0xdf, 0x8e, 0x68, 0xf0, 0xaf, 0x88, 0xf2, 0xdf, 0x82, 0xc0,
  0xdf, 0xb0, 0x3d, 0x56, 0x9e, 0x89, 0xf2, 0x80, 0x2e, 0x87, 0x27, 0x5b,
  0xfb, 0xc7, 0x75, 0x18, 0x58, 0x5b, 0x40, 0x05, 0xf7, 0x55, 0x5b, 0x61,
  0xfe, 0xbe, 0xb1, 0xb7, 0x82, 0xac, 0xa4, 0xb6, 0x44, 0xad, 0x67, 0x83,
  0x80, 0x13, 0x0e, 0x88, 0x34, 0x10, 0xf2, 0x38, 0x7a, 0xce, 0x36, 0x70,
  0x3b, 0xa2, 0x08, 0xf0, 0x4f, 0x81, 0x90, 0x28, 0x89, 0x16, 0xab, 0x50,
  0x47, 0x74, 0x56, 0x16, 0x13, 0x36, 0x1e, 0x2b, 0xc1, 0x56, 0x3c, 0x98,
  0xb8, 0x43, 0xe2, 0xfc, 0x64, 0x8f, 0x44, 0x0c, 0x22, 0x07, 0xa9, 0xa3,
  0xec, 0xba, 0x08, 0x40, 0xde, 0x37, 0x01, 0x98, 0x2c, 0x9e, 0x5a, 0x58,
  0x8f, 0x95, 0xa7, 0xbc, 0xfd, 0xe5, 0xac, 0x39, 0x10, 0xd3, 0x97, 0x2b,
  0x5f, 0xc7, 0x39, 0x82, 0xe3, 0xc1, 0x3d, 0xc0, 0xa5, 0x29, 0x9d, 0xaa,
  0xaf, 0xfc, 0x22, 0x81, 0xb4, 0xa2, 0xe7, 0xf9, 0x4c, 0x46, 0x67, 0xaa,
  0xd1, 0x7c, 0x3d, 0x40, 0xe7, 0xb8, 0x93, 0x16, 0xfb, 0xf6, 0xce, 0x95,
  0x3e, 0xaf, 0xa8, 0x27, 0x97, 0x12, 0xa8, 0xec, 0x91, 0xb5, 0x69, 0x69,
  0xc8, 0x11, 0x20, 0x37, 0x2f, 0xc5, 0xba, 0xd0, 0xdb, 0x24, 0xee, 0xac,
  0xe7, 0x8b, 0x8b, 0xe5, 0x7a, 0xdc, 0x89, 0x52, 0xad, 0x9f, 0x5e, 0x5c,
  0xc4, 0xe3, 0xc4, 0x3b, 0xfc, 0x09, 0x6f, 0x74, 0xd4, 0xcb, 0x4d, 0xf5,
  0xa3, 0xcf, 0x84, 0xb1, 0xcf, 0x26, 0x29, 0x97, 0x28, 0x6a, 0x33, 0x4f,
  0x28, 0xe0, 0x38, 0x22, 0x60, 0x1a, 0x37, 0xac, 0x1e, 0xb1, 0xe7, 0x72,
  0xad, 0xe9, 0xb2, 0x86, 0x6e, 0xad, 0x51, 0x3a, 0xf6, 0x61, 0x73, 0xd9,
  0x84, 0x96, 0xd8, 0xac, 0x51, 0x56, 0xfa, 0xfd, 0x9a, 0xa3, 0x90, 0x44,
  0x84, 0x11, 0x67, 0x63, 0x10, 0xec, 0x00, 0xb4, 0xea, 0x03, 0xa0, 0x46,
  0xba, 0xe9, 0xe7, 0xe4, 0x15, 0x45, 0xd7, 0x9d, 0xd2, 0x7f, 0x08, 0x5e,
  0x2e, 0xc0, 0x2b, 0x98, 0x86, 0x13, 0x01, 0x4b, 0x60, 0x44, 0x0a, 0xc8,
  0x34, 0xe1, 0xc3, 0x64, 0x88, 0xea, 0xb1, 0x2a, 0x72, 0x34, 0x8c, 0x35,
  0x97, 0x63, 0xb5, 0xe8, 0x3c, 0xb0, 0xd4, 0x97, 0xb9, 0x64, 0x27, 0x15,
  0xef, 0x04, 0x70, 0x76, 0x89, 0x57, 0x0d, 0x8d, 0x98, 0x40, 0x03, 0x22,
  0xa7, 0x59, 0x2c, 0xdf, 0xb5, 0x31, 0x38, 0x4c, 0x3a, 0x94, 0x4a, 0x90,
  0x93, 0xae, 0x30, 0x93, 0xab, 0x7f, 0xe8, 0xcd, 0xfb, 0xb0, 0xb2, 0x26,
  0xee, 0x6c, 0xf2, 0x46, 0x91, 0x8e, 0xf8, 0x43, 0x2a, 0x0a, 0x74, 0xc3,
  0xd3, 0x0b, 0x56, 0xd4, 0xbd, 0xe5, 0xa6, 0x1c, 0xd8, 0xbb, 0xa1, 0x27,
  0xbd, 0x4a, 0x13, 0x00, 0x48, 0x22, 0xc1, 0xa6, 0x42, 0x01, 0x2d, 0x05,
  0xd9, 0xa6, 0xbf, 0xce, 0x27, 0x1b, 0x03, 0xd1, 0x1e, 0x45, 0xf9, 0x82,
  0x47, 0x05, 0x87, 0x73, 0xfc, 0x50, 0xcc, 0x26, 0x68, 0x4f, 0xc2, 0xc6,
  0x16, 0x6a, 0x2f, 0xe5, 0x15, 0x79, 0x92, 0x9d, 0xfa, 0xee, 0x24, 0x50,
  0xea, 0x2b, 0xcf, 0x9a, 0x44, 0x1e, 0x31, 0x2c, 0xf2, 0x2c, 0x2c, 0x81,
  0xe5, 0xbe, 0x10, 0x6a, 0x23, 0x60, 0xd1, 0xd0, 0x8a, 0x54, 0x73, 0x68,
  0xf6, 0x70, 0xdd, 0x7d, 0xe8, 0xeb, 0x51, 0xc3, 0x2f, 0xb9, 0x9d, 0x37,
  0xd5, 0xbe, 0x34, 0x5b, 0xb2, 0x8b, 0x2c, 0xfb, 0x97, 0x4f, 0x5b, 0xd0,
  0x24, 0x2a, 0xed, 0x69, 0x59, 0x9d, 0xa9, 0xe9, 0xcd, 0xcc, 0x2a, 0x9b,
  0x79, 0xc5, 0x10, 0x22, 0x24, 0x74, 0x0e, 0x1d, 0xaa, 0x7b, 0x7e, 0xc1,
  0x3e, 0x29, 0x62, 0x43, 0x77, 0x98, 0x4b, 0x8a, 0xd1, 0x4c, 0xda, 0xfe,
  0x58, 0x39, 0xad, 0x1a, 0xbd, 0x0e, 0xc9, 0x75, 0x58, 0xd2, 0xfc, 0x06,
  0x56, 0x35, 0x50, 0x58, 0x43, 0xd0, 0xdb, 0x74, 0x85, 0x68, 0x11, 0xf8,
  0x49, 0x54, 0x10, 0xc8, 0x7b, 0x2a, 0x0b, 0x9e, 0xdd, 0xdd, 0xc9, 0x5f,
  0x96, 0x30, 0xa1, 0x62, 0x41, 0x21, 0xef, 0x6b, 0x37, 0x43, 0x5c, 0xfd,
  0x1c, 0xe6, 0x57, 0x23, 0x4f, 0x5a, 0x77, 0xfe, 0x9b, 0x1f, 0x5c, 0x0c,
  0xa5, 0x5b, 0x8c, 0x00, 0x24, 0xf7, 0x5c, 0x6e, 0x9c, 0xdf, 0x90, 0x2f,
  0x27, 0x52, 0x41, 0xb7, 0x5a, 0x80, 0x6d, 0x49, 0x8e, 0x11, 0x59, 0xc4,
  0x07, 0x52, 0x9c, 0x96, 0xf9, 0xc3, 0x7f, 0x4b, 0x8b, 0x04, 0xcd, 0x0e,
  0xf5, 0xe6, 0x04, 0xb9, 0x27, 0x28, 0x1a, 0x76, 0xc6, 0xd6, 0x60, 0x36,
  0x99, 0x8d, 0x09, 0x91, 0x85, 0x57, 0x68, 0x21, 0xa2, 0xf8, 0x8c, 0x1b,
  0xca, 0xee, 0xa1, 0x0a, 0x3a, 0x15, 0x51, 0x9e, 0x54, 0xf1, 0xb1, 0x28,
  0x0e, 0x7b, 0x12, 0xe8, 0x30, 0xea, 0x90, 0xea, 0x51, 0xd4, 0xfc, 0x0d,
  0xb9, 0xe7, 0x90, 0x5e, 0xca, 0x60, 0x15, 0xba, 0xb8, 0x25, 0x7a, 0x51,
  0x43, 0x15, 0xde, 0xdd, 0x0a, 0x0b, 0xf7, 0xcc, 0xd0, 0x50, 0x9d, 0xe6,
  0xd0, 0x50, 0x52, 0xe4, 0xc5, 0x4c, 0x07, 0x65, 0x4d, 0xa8, 0x3e, 0xe2,
  0xe4, 0xe9, 0x24, 0xce, 0xee, 0xc7, 0x03, 0x45, 0x21, 0xe9, 0xfa, 0x61,
  0xef, 0x60, 0xeb, 0xe8, 0x1f, 0x3e, 0xff, 0x7c, 0x78, 0x04, 0xbc, 0xc3,
  0x2d, 0x26, 0x96, 0xe8, 0xdf, 0x92, 0x55, 0xeb, 0xd0, 0x84, 0x60, 0x8a,
  0x50, 0xc5, 0xa8, 0x43, 0x33, 0xdd, 0x47, 0x22, 0xa7, 0xc4, 0x93, 0xe5,
  0x9c, 0xf0, 0x1a, 0x46, 0x5c, 0xd2, 0x17, 0x48, 0x40, 0x63, 0x1d, 0xc6,
  0x75, 0xcd, 0xb9, 0x02, 0xcf, 0x37, 0x2b, 0x4c, 0xac, 0xbc, 0x89, 0xaf,
  0xf1, 0xac, 0x7c, 0x93, 0xf7, 0xf5, 0x65, 0x7f, 0x1f, 0xe8, 0xd2, 0xe9,
  0x99, 0xb4, 0x13, 0xc7, 0xbb, 0x1f, 0x95, 0xb1, 0x00, 0x83, 0x50, 0xb6,
  0xa7, 0xb3, 0x62, 0x14, 0xc8, 0x9d, 0xef, 0x7c, 0x74, 0x49, 0xc7, 0xbf,
  0xfd, 0xaf, 0x6d, 0x6d, 0x6b, 0x9e, 0xb7, 0x29, 0xcf, 0x41, 0x52, 0xde,
  0xe8, 0x06, 0xec, 0xd3, 0x44, 0x7f, 0x0d, 0xc9, 0xac, 0x5d, 0x57, 0xa2,
  0x03, 0xbb, 0xb9, 0x06, 0x7d, 0x82, 0xe2, 0x3f, 0x5b, 0xc5, 0x87, 0x09,
  0x62, 0xe3, 0x80, 0x37, 0xd7, 0x50, 0x5f, 0x91, 0xaa, 0x0d, 0x26, 0x56,
  0xb5, 0x64, 0x4c, 0x89, 0x16, 0xe6, 0xd7, 0xb4, 0x0a, 0x60, 0xe5, 0xf1,
  0x57, 0xab, 0x32, 0x9a, 0xec, 0xe4, 0x05, 0x05, 0x2e, 0xd1, 0x20, 0x11,
  0xef, 0xc2, 0xe5, 0x2e, 0x5f, 0x89, 0x64, 0x7b, 0xcc, 0xa1, 0x8d, 0xde,
  0xe4, 0xdf, 0xfe, 0x0c, 0x6d, 0x74, 0xd6, 0x75, 0x95, 0x8b, 0x71, 0x76,
  0x8d, 0xea, 0xd1, 0x2a, 0x74, 0xe9, 0xbd, 0x4b, 0x91, 0xf7, 0x97, 0x27,
  0xe8, 0xd6, 0xa6, 0x47, 0x30, 0xc9, 0x10, 0x39, 0x74, 0x55, 0x1f, 0x6d,
  0xfd, 0x29, 0xf6, 0x1b, 0xc5, 0x47, 0x11, 0x5f, 0x37, 0xfd, 0x89, 0xca,
  0x45, 0x22, 0x29, 0x82, 0x79, 0x36, 0x2d, 0xa1, 0xbf, 0x9c, 0x69, 0x87,
  0xbc, 0xe7, 0xa8, 0x8d, 0x9c, 0x82, 0xeb, 0xe9, 0x88, 0x79, 0xa2, 0x81,
  0x01, 0x65, 0x2c, 0x11, 0x95, 0xb1, 0x10, 0xb1, 0x5d, 0x77, 0x77, 0x5c,
  0x3b, 0xb2, 0x02, 0x44, 0xec, 0x6d, 0x71, 0x5a, 0x9e, 0x69, 0x60, 0x2c,
  0x2e, 0xb2, 0x53, 0x59, 0xe3, 0x6c, 0xd3, 0xfc, 0x54, 0x08, 0x98, 0xab,
  0x88, 0x8e, 0xe8, 0x07, 0x41, 0xdc, 0xd5, 0xe2, 0xa2, 0xd6, 0x8f, 0x98,
  0x01, 0x56, 0x19, 0x2e, 0xd4, 0x66, 0x6b, 0x9f, 0x57, 0x5b, 0xc9, 0x29,
  0xcf, 0x2f, 0xda, 0xa9, 0x15, 0x4d, 0x47, 0x7c, 0xea, 0x8b, 0xbc, 0x1b,
  0xa8, 0x34, 0x90, 0xb9, 0x56, 0x74, 0x22, 0x14, 0x5f, 0xa6, 0xdc, 0xa0,
  0x57, 0x22, 0xab, 0xca, 0x59, 0xb4, 0xbd, 0xbf, 0xf7, 0x7e, 0xeb, 0xc4,
  0x6e, 0x40, 0x27, 0x9f, 0xa1, 0x1c, 0x1f, 0x58, 0x5a, 0xe5, 0xd1, 0xd1,
  0x29, 0x71, 0x54, 0x76, 0x1b, 0x53, 0xfd, 0xfd, 0xd6, 0xef, 0x3e, 0x1f,
  0x6f, 0xbd, 0xff, 0xb0, 0xbf, 0x7b, 0x1c, 0xaf, 0xbc, 0xea, 0x44, 0x5a,
  0x6f, 0x23, 0x35, 0x10, 0x95, 0x6e, 0xea, 0x2a, 0x08, 0xcb, 0x48, 0x51,
  0x54, 0x3c, 0x02, 0x2e, 0x45, 0x6c, 0x5f, 0xe5, 0xd4, 0x1c, 0xe5, 0x2a,
  0x8c, 0x71, 0x95, 0x38, 0x00, 0xa2, 0xd7, 0x64, 0x4e, 0x4e, 0x5e, 0xc9,
  0xca, 0xd3, 0xc5, 0xd9, 0xd7, 0x11, 0x33, 0xef, 0xf5, 0x56, 0x05, 0xc2,
  0x23, 0x10, 0x87, 0xbb, 0x04, 0x22, 0x29, 0xde, 0x26, 0x29, 0xec, 0x00,
  0x64, 0x68, 0xb9, 0x2e, 0x62, 0xf6, 0xbf, 0xfe, 0xce, 0xa0, 0x09, 0x40,
  0x98, 0x70, 0xf3, 0xd6, 0xaa, 0xdf, 0xcf, 0xa5, 0xe8, 0x1b, 0xa9, 0x1a,
  0x7d, 0xbe, 0xc9, 0x84, 0x30, 0x2c, 0xfe, 0x6b, 0x5d, 0x1b, 0x80, 0x38,
  0x39, 0x34, 0xea, 0x2e, 0x6b, 0xda, 0x49, 0x5c, 0x05, 0x8a, 0x44, 0x29,
  0x05, 0x80, 0x04, 0x03, 0xe2, 0x58, 0xde, 0x24, 0xc1, 0x42, 0x90, 0xa3,
  0x2d, 0x8f, 0x9b, 0x4b, 0x4c, 0x04, 0x81, 0x01, 0x51, 0xa2, 0x60, 0x93,
  0xe9, 0x18, 0xe3, 0x08, 0x9f, 0x45, 0x65, 0x0e, 0xfd, 0x43, 0x91, 0x61,
  0x7f, 0xa1, 0x8b, 0xc1, 0x72, 0xc5, 0x17, 0xe0, 0x11, 0xe4, 0x2f, 0x89,
  0x82, 0xad, 0xee, 0x19, 0xba, 0x8f, 0xf2, 0x95, 0xf5, 0xb2, 0x95, 0xb7,
  0x59, 0x29, 0xa2, 0x13, 0xa9, 0x32, 0x84, 0xc0, 0xb7, 0x8c, 0xc2, 0xe8,
  0x58, 0x73, 0x4f, 0x6c, 0x48, 0x1a, 0x00, 0x24, 0x1a, 0x7a, 0xf7, 0x64,
  0x4f, 0xe8, 0x74, 0xb4, 0xd1, 0x80, 0x51, 0x6e, 0x67, 0xc5, 0x28, 0xb9,
  0x40, 0x03, 0x15, 0xa0, 0x41, 0x6a, 0xec, 0xe8, 0xf5, 0x14, 0x35, 0xcd,
  0x35, 0x66, 0x61, 0x05, 0xca, 0xb2, 0xd4, 0x31, 0xf0, 0x9c, 0x18, 0x98,
  0x30, 0x92, 0x00, 0x8e, 0x52, 0xb4, 0x59, 0xab, 0xcb, 0x85, 0x1c, 0xf6,
  0xb9, 0xb5, 0xc6, 0xf8, 0x18, 0x2a, 0xf6, 0x5e, 0xab, 0x2f, 0xe9, 0x2d,
  0xaa, 0x4e, 0x32, 0x39, 0x89, 0xf5, 0x9e, 0xca, 0x39, 0x23, 0x6c, 0x43,
  0x8a, 0xb8, 0xc9, 0x67, 0x3a, 0x43, 0x5e, 0xb0, 0xc9, 0x25, 0x3a, 0x43,
  0x7f, 0x39, 0xed, 0xbb, 0xd5, 0xee, 0xf6, 0xbe, 0x0b, 0xc6, 0xad, 0x22,
  0xc4, 0xf0, 0xeb, 0x1a, 0x9c, 0x64, 0xb7, 0xb9, 0xd9, 0xee, 0xf5, 0xbb,
  0x62, 0x38, 0x83, 0xb8, 0x68, 0x0d, 0xa3, 0x59, 0x3c, 0x5e, 0x1a, 0x46,
  0xd3, 0x78, 0xd6, 0x1a, 0xc0, 0x6a, 0x51, 0xdf, 0xc3, 0x38, 0xb3, 0xa3,
  0x7c, 0x04, 0xb7, 0x5f, 0xfb, 0xe5, 0xb2, 0x1e, 0x69, 0xab, 0x1b, 0x7e,
  0xb7, 0xd2, 0xe9, 0x44, 0x37, 0xfd, 0x97, 0x9d, 0x56, 0xc0, 0x5b, 0x83,
  0x70, 0x79, 0xfa, 0xdd, 0xea, 0xea, 0x3d, 0xd0, 0xaa, 0x49, 0x3c, 0x34,
  0xf1, 0x8d, 0xbf, 0x3a, 0x44, 0x3b, 0x42, 0x66, 0xfe, 0xc6, 0x7a, 0xa5,
  0x6f, 0x61, 0x80, 0x6a, 0x5d, 0xc6, 0x7e, 0x27, 0x7a, 0xb9, 0xea, 0x81,
  0xa0, 0x05, 0xe4, 0x1d, 0x1b, 0x7f, 0x09, 0x54, 0x68, 0x18, 0x0f, 0x4f,
  0x87, 0x06, 0x99, 0xa2, 0x0b, 0x24, 0x0c, 0x68, 0x57, 0xb5, 0x23, 0xc4,
  0x5c, 0x46, 0x9c, 0xfa, 0x3e, 0x5a, 0xfb, 0x12, 0xdb, 0x24, 0x69, 0x27,
  0x60, 0xe8, 0xed, 0x28, 0x9b, 0xe5, 0x7d, 0xbf, 0xd7, 0x1a, 0x26, 0x97,
  0x49, 0xe9, 0x47, 0xc2, 0xab, 0xdc, 0x7a, 0x21, 0xe2, 0x3c, 0x99, 0x17,
  0xf7, 0xcd, 0x4c, 0xb4, 0x58, 0xf8, 0x56, 0x41, 0x2b, 0xef, 0x06, 0x74,
  0x71, 0xbf, 0xa9, 0xb0, 0x3b, 0x36, 0xff, 0x4b, 0xcc, 0xad, 0xbe, 0x9c,
  0x30, 0xd1, 0xca, 0x50, 0xe4, 0x28, 0x60, 0x29, 0xc6, 0x20, 0x30, 0x63,
  0x70, 0x55, 0x34, 0x94, 0x20, 0x73, 0xc0, 0xb1, 0x86, 0x4e, 0x12, 0x2e,
  0xc1, 0xf0, 0x27, 0x0f, 0xff, 0x8a, 0xc6, 0xad, 0x85, 0xf3, 0x7a, 0x89,
  0x28, 0xfa, 0xe4, 0xe1, 0xd7, 0xaf, 0xb5, 0x1a, 0x76, 0xb8, 0x35, 0x92,
  0xe3, 0xac, 0xd0, 0x75, 0x6a, 0xb8, 0x18, 0xea, 0xae, 0xac, 0x84, 0xaf,
  0x03, 0x78, 0x7b, 0x2f, 0x5f, 0xf9, 0x14, 0xc7, 0x91, 0xe7, 0x57, 0x7c,
  0xab, 0x98, 0x02, 0x59, 0x3c, 0x42, 0xeb, 0x1e, 0x65, 0xa4, 0x8e, 0xc6,
  0xbd, 0x31, 0xc8, 0xe5, 0x97, 0x4d, 0x41, 0xf4, 0xd0, 0x01, 0x7e, 0xc8,
  0x0b, 0x38, 0x87, 0x64, 0x3c, 0x48, 0xe9, 0x20, 0x86, 0xb6, 0x20, 0x92,
  0x87, 0x13, 0x4c, 0x3f, 0x5a, 0xa9, 0xab, 0x01, 0x5d, 0xce, 0x48, 0x3c,
  0xf8, 0xda, 0xa5, 0x4b, 0x9f, 0x1b, 0xf8, 0xd3, 0x5d, 0x85, 0xc7, 0x5e,
  0xec, 0xaf, 0xe0, 0xdd, 0xcf, 0x4d, 0x8f, 0x5e, 0x60, 0x48, 0x56, 0xa8,
  0xf4, 0x54, 0xd5, 0x95, 0xd7, 0x95, 0xaa, 0xf0, 0x42, 0x57, 0x9d, 0x66,
  0xe3, 0x9b, 0x4b, 0xc3, 0xf7, 0x2a, 0x48, 0x30, 0x10, 0x47, 0x3d, 0xb1,
  0x46, 0xde, 0x14, 0x30, 0xb1, 0xa4, 0x25, 0xbb, 0x14, 0xd2, 0x89, 0xac,
  0x23, 0x2a, 0xdb, 0x7d, 0xab, 0xda, 0xf4, 0xae, 0x56, 0x7b, 0x62, 0x6a,
  0xd7, 0x87, 0xad, 0xab, 0x92, 0x55, 0x93, 0xaa, 0x8c, 0xb3, 0xe8, 0xbd,
  0x79, 0x2d, 0xe6, 0x01, 0x02, 0xce, 0xb0, 0x7d, 0xd3, 0x5a, 0x75, 0xf8,
  0x9d, 0x17, 0x62, 0x6e, 0xa2, 0x50, 0x4f, 0x15, 0x5a, 0xaa, 0x16, 0xd2,
  0xf3, 0x15, 0xd1, 0xfa, 0x1a, 0x50, 0x95, 0x22, 0x0a, 0x69, 0x71, 0x18,
  0x0e, 0xd2, 0xd3, 0xce, 0x59, 0x58, 0xc3, 0x4d, 0x7c, 0xcf, 0x2d, 0x12,
  0x3e, 0x27, 0x7e, 0x5e, 0x95, 0x3a, 0xca, 0x1b, 0x16, 0x6d, 0xd4, 0x35,
  0xe7, 0xf4, 0x21, 0xa3, 0x96, 0xea, 0xb1, 0xd5, 0x6f, 0xa2, 0xc3, 0x70,
  0xb8, 0x62, 0x3c, 0x75, 0xeb, 0xdc, 0x49, 0x62, 0x60, 0x9b, 0xb4, 0xe0,
  0x6a, 0xe8, 0x5a, 0x55, 0x7c, 0x95, 0xd3, 0xa5, 0xeb, 0x43, 0xcf, 0xa6,
  0x7f, 0xb8, 0x17, 0xed, 0x8a, 0x0e, 0x81, 0x92, 0xd2, 0x3a, 0xf0, 0xec,
  0x46, 0x58, 0xd7, 0x02, 0x2e, 0x86, 0x32, 0x31, 0x7d, 0xab, 0xb3, 0xe8,
  0xd1, 0x8e, 0x55, 0x21, 0xec, 0xd5, 0xe2, 0xa5, 0x99, 0xcd, 0xe9, 0xcb,
  0x3e, 0x7f, 0xdb, 0xd4, 0x63, 0x1a, 0xbb, 0xe7, 0x4e, 0xee, 0xd2, 0x72,
  0xfb, 0x09, 0xbd, 0xd5, 0x51, 0xd6, 0x88, 0xba, 0x6e, 0x19, 0x74, 0xce,
  0xae, 0x35, 0xa2, 0xc7, 0x25, 0x7f, 0x52, 0x66, 0x35, 0x74, 0xcd, 0xed,
  0x58, 0xdf, 0xd0, 0x71, 0x3b, 0xbd, 0xbb, 0xcb, 0xd0, 0x7c, 0xb8, 0x91,
  0x24, 0x0e, 0xb2, 0x31, 0xda, 0x38, 0x50, 0xa0, 0xf9, 0x2d, 0xe2, 0x43,
  0xc6, 0x23, 0x9e, 0x6b, 0x45, 0xd2, 0xbf, 0xff, 0xd3, 0xff, 0x50, 0x97,
  0x80, 0xb0, 0xe0, 0x8b, 0x8b, 0xa5, 0x39, 0x78, 0x37, 0x7d, 0x55, 0x08,
  0xab, 0xa1, 0x2a, 0xbc, 0x10, 0xb6, 0x4c, 0x8a, 0x7e, 0x9c, 0xe7, 0xc9,
  0x4c, 0x44, 0xd8, 0x90, 0x84, 0xa4, 0x31, 0xfe, 0x28, 0x29, 0x38, 0xf4,
  0x68, 0xe0, 0x41, 0xa8, 0x1a, 0xd4, 0x9b, 0xaa, 0xbe, 0xe1, 0x19, 0x97,
  0x75, 0xce, 0xf2, 0x15, 0xf3, 0xaf, 0xed, 0x82, 0xe4, 0xee, 0x8e, 0x49,
  0x33, 0x4e, 0x4b, 0x97, 0x50, 0xc0, 0x7e, 0xce, 0x96, 0x9a, 0x81, 0xc5,
  0x28, 0xea, 0x34, 0x5d, 0xc9, 0x2e, 0x05, 0x5a, 0x25, 0x27, 0x78, 0xf3,
  0x25, 0xf5, 0xbc, 0x14, 0x74, 0x49, 0xd6, 0xd0, 0x5f, 0x8d, 0x1a, 0x55,
  0xc3, 0x95, 0x74, 0x45, 0xb5, 0x18, 0x42, 0x15, 0x33, 0x12, 0x65, 0x8f,
  0x2b, 0x8c, 0x48, 0x22, 0x6d, 0x82, 0x3a, 0x23, 0x6b, 0x46, 0xf8, 0x2a,
  0x82, 0xd9, 0x09, 0x53, 0x67, 0x15, 0x81, 0x00, 0x2f, 0xe4, 0x0f, 0xd3,
  0xf1, 0x8d, 0xfa, 0x0c, 0xa8, 0x83, 0x71, 0x2d, 0xd1, 0x6a, 0x04, 0x33,
  0xdc, 0x35, 0xd9, 0xf1, 0xdc, 0x3a, 0x39, 0xf0, 0x5c, 0x93, 0x8f, 0xec,
  0x94, 0x9d, 0xc5, 0xb7, 0x69, 0x5f, 0x80, 0x3b, 0xfa, 0xd2, 0xf7, 0xe1,
  0xab, 0x7f, 0x6f, 0xac, 0xc9, 0x45, 0x15, 0xcb, 0xdc, 0x23, 0x3b, 0xcd,
  0x2b, 0x35, 0xc8, 0x77, 0x4f, 0x58, 0x69, 0x97, 0x6d, 0x18, 0x00, 0xa0,
  0x4f, 0x90, 0x62, 0x58, 0xe8, 0xbc, 0xd4, 0xc1, 0x6e, 0x5a, 0x25, 0xa2,
  0x2a, 0xed, 0xaf, 0x01, 0x4f, 0xc6, 0x41, 0x22, 0xc1, 0xb7, 0xdc, 0x43,
  0x4e, 0x09, 0x4a, 0x25, 0x64, 0xba, 0xe3, 0x2a, 0x1a, 0x33, 0x11, 0x9c,
  0x08, 0x64, 0x8c, 0xd4, 0x48, 0x15, 0x21, 0x11, 0x1c, 0x1a, 0x26, 0xf9,
  0x8a, 0x7e, 0xa9, 0xec, 0xee, 0x92, 0x5d, 0x7a, 0x65, 0x0b, 0x3f, 0x6f,
  0x1c, 0x6f, 0x3d, 0xfc, 0xe7, 0x9d, 0x2d, 0x1d, 0x0b, 0xbd, 0xa9, 0x1c,
  0x8c, 0x7d, 0x63, 0xf7, 0xe0, 0xe4, 0x68, 0xeb, 0x89, 0x72, 0x17, 0x39,
  0x07, 0xba, 0xb4, 0xbf, 0xf7, 0xe9, 0x68, 0x57, 0x95, 0x13, 0x76, 0x7f,
  0x22, 0x8a, 0x57, 0xd8, 0x67, 0x68, 0x00, 0x78, 0x25, 0xd2, 0xa6, 0x16,
  0x0f, 0x7f, 0xf6, 0xd0, 0x47, 0x14, 0x75, 0x24, 0x7d, 0xf1, 0xba, 0x71,
  0x6f, 0x4c, 0x93, 0x54, 0xa8, 0xca, 0xbc, 0xbc, 0xd9, 0xc0, 0x03, 0x06,
  0xf7, 0xe3, 0x87, 0xbd, 0x43, 0x0a, 0xe3, 0xd4, 0x14, 0x48, 0x75, 0x26,
  0x50, 0xd5, 0x68, 0x4b, 0x1b, 0x0d, 0x04, 0xd0, 0x96, 0x08, 0xba, 0x6a,
  0x61, 0x5c, 0x48, 0xe7, 0x92, 0x1e, 0x97, 0xa1, 0x18, 0x27, 0x03, 0x1e,
  0x74, 0x22, 0xe0, 0x41, 0x17, 0xba, 0x74, 0xa3, 0x8f, 0x45, 0x73, 0xf2,
  0x95, 0x6a, 0x2e, 0x8b, 0x25, 0x3b, 0xba, 0x24, 0x59, 0x35, 0x3d, 0x66,
  0x6f, 0xad, 0x4c, 0xb8, 0xb1, 0x70, 0xdd, 0x34, 0x5b, 0x99, 0x32, 0x2d,
  0xa5, 0xea, 0x07, 0x9c, 0xd3, 0x98, 0x4a, 0x92, 0xea, 0x94, 0xd3, 0x71,
  0x8b, 0x94, 0x65, 0xf6, 0x48, 0x74, 0x06, 0x46, 0x73, 0xa3, 0x33, 0x4f,
  0x63, 0x06, 0xf5, 0x89, 0xf9, 0x69, 0x5f, 0x99, 0x9b, 0x7c, 0xc0, 0xdb,
  0xb0, 0x39, 0x22, 0x9d, 0x15, 0xac, 0x28, 0x49, 0x0f, 0xaf, 0xa1, 0xbf,
  0xc2, 0x8e, 0xbb, 0x25, 0xb7, 0x59, 0x39, 0x6f, 0x9b, 0x81, 0x90, 0x80,
  0xf1, 0xd7, 0xd0, 0x99, 0xc6, 0x6c, 0xb9, 0x5c, 0xa4, 0x9d, 0xb4, 0xb7,
  0x1c, 0xc3, 0x0d, 0x24, 0x22, 0xbf, 0xe9, 0x6d, 0x96, 0xc8, 0xec, 0x94,
  0xa9, 0x55, 0x2a, 0x51, 0xa5, 0xee, 0x55, 0x94, 0x76, 0x67, 0x80, 0xc2,
  0x78, 0xcd, 0x15, 0x73, 0x14, 0x8e, 0xc9, 0x38, 0xfd, 0x32, 0x0e, 0x58,
  0xaa, 0xec, 0xef, 0x64, 0xdc, 0x38, 0xb2, 0x78, 0xd1, 0x8f, 0x5f, 0x74,
  0xd4, 0xc4, 0x17, 0xda, 0x36, 0xd7, 0xa5, 0x40, 0xe1, 0x93, 0x51, 0xfd,
  0x31, 0x06, 0x53, 0xd2, 0x10, 0xcc, 0x1f, 0x91, 0x17, 0x63, 0x2c, 0x05,
  0x29, 0xec, 0x64, 0x41, 0x47, 0xb3, 0xc1, 0x6c, 0x8a, 0x86, 0xc0, 0x81,
  0xbc, 0xce, 0x41, 0x4f, 0xa3, 0x25, 0x3f, 0xd4, 0xb7, 0x31, 0x0d, 0x81,
  0xff, 0x7d, 0x1d, 0xf8, 0xdf, 0x77, 0x20, 0xb0, 0x0b, 0x47, 0x20, 0xc0,
  0x0f, 0xe6, 0xae, 0xec, 0xf0, 0x72, 0x1b, 0xd0, 0x14, 0x17, 0xc5, 0x40,
  0x54, 0xfa, 0x16, 0x2b, 0xd5, 0xcc, 0x82, 0xc2, 0x3c, 0x23, 0xce, 0x09,
  0x42, 0x6b, 0xd6, 0x3e, 0xa7, 0x50, 0x81, 0xd2, 0x40, 0x92, 0x93, 0x6d,
  0x6d, 0xbc, 0xd1, 0x6c, 0x7b, 0xe7, 0x06, 0x6b, 0x94, 0xfb, 0xb5, 0x1e,
  0xad, 0x91, 0xe2, 0x4d, 0x2a, 0xc5, 0xef, 0x65, 0x9e, 0x0c, 0x5b, 0xc8,
  0x06, 0x8c, 0xe5, 0x41, 0x3d, 0x9b, 0xa4, 0x45, 0x1f, 0xdd, 0xc4, 0x81,
  0x7e, 0x4a, 0x5e, 0x04, 0xa3, 0x7a, 0xa8, 0x1e, 0xa3, 0x15, 0x20, 0x10,
  0x51, 0xf7, 0x22, 0x0f, 0x8d, 0x91, 0x9f, 0x24, 0xaf, 0x06, 0x1d, 0x10,
  0x11, 0x60, 0xa0, 0x11, 0x07, 0x74, 0xa8, 0x9b, 0x08, 0x19, 0x6d, 0x75,
  0x84, 0x32, 0xae, 0xa4, 0xd5, 0x65, 0x68, 0xcb, 0xc6, 0x94, 0xc0, 0x3b,
  0x8b, 0xb3, 0xc6, 0x79, 0xea, 0x30, 0x1a, 0x92, 0x2e, 0x65, 0xca, 0xcc,
  0xcf, 0xa3, 0xa5, 0x46, 0xa5, 0xdf, 0x1f, 0x1f, 0x7e, 0x45, 0x2b, 0xef,
  0xee, 0xba, 0x6e, 0x81, 0xc4, 0x27, 0x74, 0x85, 0x07, 0xfc, 0xc8, 0x3d,
  0xc0, 0x2d, 0x4c, 0x05, 0xd3, 0xf7, 0x55, 0xc6, 0x0a, 0xfd, 0x92, 0xaa,
  0xa3, 0x32, 0x5b, 0x9b, 0x4f, 0xa5, 0xa7, 0x19, 0xf0, 0xbe, 0x67, 0xf2,
  0x1a, 0xb0, 0xed, 0x1d, 0x0a, 0xa3, 0xfa, 0x22, 0xc1, 0x04, 0x1d, 0x22,
  0x8c, 0x12, 0x45, 0xbc, 0xc0, 0xc1, 0x4b, 0x3b, 0x7c, 0x8a, 0xe3, 0x35,
  0x4e, 0x48, 0x9c, 0xc1, 0x20, 0x5e, 0xb5, 0xa1, 0x14, 0xf0, 0x52, 0x50,
  0x98, 0x3e, 0x3d, 0xd1, 0x03, 0x76, 0xdd, 0x36, 0xd0, 0xd1, 0x79, 0x11,
  0x02, 0x5f, 0x9c, 0x21, 0xc7, 0x5e, 0x90, 0xf3, 0xf1, 0xc3, 0xbf, 0x84,
  0xc0, 0x82, 0xe1, 0xd1, 0x12, 0x01, 0x67, 0x02, 0x1f, 0xe5, 0xc9, 0x01,
  0x5f, 0x45, 0xa8, 0xf9, 0x65, 0xa1, 0xf7, 0xc6, 0x52, 0x09, 0x99, 0x20,
  0x2f, 0x65, 0xa4, 0xca, 0xdb, 0x3b, 0xf8, 0xf0, 0xf1, 0x04, 0xcd, 0x7c,
  0x64, 0xda, 0xd8, 0x0e, 0x5e, 0xb7, 0xd7, 0xf3, 0x8d, 0x7b, 0xc1, 0x24,
  0x43, 0x4d, 0x27, 0x5d, 0x52, 0x84, 0xbe, 0x4c, 0x5a, 0x8e, 0x16, 0x2d,
  0x26, 0x05, 0x37, 0x94, 0xc1, 0x6b, 0x8c, 0x7f, 0x99, 0xa0, 0xf9, 0x7e,
  0x42, 0x73, 0x0e, 0x45, 0x5a, 0x58, 0x2b, 0x81, 0x38, 0xf6, 0x14, 0xab,
  0x4c, 0xb4, 0xb2, 0x9f, 0x87, 0xff, 0x2f, 0x4d, 0x06, 0xd0, 0x45, 0x9e,
  0x61, 0x9c, 0x84, 0x65, 0x11, 0x6f, 0x28, 0xb4, 0xad, 0x4a, 0x68, 0xaf,
  0xbc, 0xcf, 0x86, 0xbc, 0x78, 0x32, 0x7d, 0x5e, 0x43, 0xbe, 0x72, 0x52,
  0xd9, 0x9f, 0xd6, 0x86, 0x71, 0xd6, 0xef, 0x2c, 0xd4, 0x33, 0xed, 0x51,
  0xca, 0x71, 0x1f, 0x95, 0x3f, 0x4e, 0xfe, 0xf0, 0x58, 0xa8, 0xff, 0x6b,
  0x29, 0xe5, 0xc2, 0xcd, 0xd3, 0xb3, 0xbe, 0x05, 0xc4, 0xfb, 0xfa, 0x98,
  0xdf, 0xe2, 0x0e, 0x14, 0x96, 0x00, 0xb4, 0x63, 0xb5, 0xfa, 0xcc, 0x98,
  0xd5, 0xa2, 0x66, 0x4b, 0xde, 0x21, 0xb6, 0x75, 0x3d, 0xd2, 0x87, 0x5b,
  0x33, 0xc7, 0xe8, 0x79, 0x4f, 0xef, 0x70, 0x18, 0xc5, 0x21, 0x06, 0x86,
  0xd5, 0xac, 0x83, 0x4a, 0x48, 0x62, 0x11, 0xde, 0x0b, 0x10, 0xc4, 0x55,
  0xbb, 0x36, 0xe9, 0xe5, 0x9a, 0xf4, 0xa6, 0xb3, 0x09, 0x06, 0xf6, 0x24,
  0x71, 0x67, 0x3e, 0x89, 0xa5, 0xc3, 0x0b, 0x89, 0x2c, 0x25, 0x89, 0xb6,
  0x86, 0xde, 0x9c, 0x3d, 0x45, 0xdc, 0x9e, 0x3e, 0x4a, 0x46, 0x0d, 0xa2,
  0x5b, 0xd6, 0x14, 0xe2, 0x28, 0xfb, 0x89, 0x62, 0xa6, 0x6a, 0x6b, 0x0a,
  0xcb, 0x48, 0xf5, 0x96, 0xa6, 0xd8, 0xf7, 0x77, 0x8f, 0x4f, 0x0e, 0x8f,
  0x76, 0xfd, 0x68, 0x30, 0x2e, 0xfa, 0xfe, 0x17, 0x28, 0x2e, 0x8c, 0x3d,
  0xfd, 0xfb, 0xbe, 0x63, 0xc1, 0xac, 0xcb, 0x6f, 0x9d, 0x7c, 0xdc, 0xda,
  0xc1, 0xf4, 0xe5, 0xa6, 0x82, 0xb2, 0x6a, 0x86, 0x3a, 0xaa, 0xd4, 0xf1,
  0xee, 0xc1, 0xb1, 0x5b, 0x48, 0x6c, 0x25, 0xbf, 0x66, 0x7c, 0x6d, 0xdc,
  0xd6, 0xe6, 0x1b, 0x5f, 0x23, 0xc7, 0x83, 0xcf, 0x30, 0xb4, 0x59, 0x5a,
  0x56, 0x1d, 0x93, 0x1d, 0x3e, 0x9e, 0x1b, 0x3e, 0x1e, 0x3a, 0x52, 0x2e,
  0x1b, 0xf2, 0x37, 0xb9, 0xc0, 0x44, 0xaa, 0x31, 0x91, 0x79, 0xea, 0x91,
  0x50, 0xd2, 0x82, 0x18, 0x4b, 0xc1, 0xda, 0x80, 0x0e, 0x18, 0x56, 0x17,
  0xba, 0x73, 0xe5, 0x24, 0x59, 0x4c, 0xca, 0x49, 0x96, 0xf5, 0x7c, 0x59,
  0x8d, 0x23, 0x6d, 0x97, 0x6c, 0x52, 0x6a, 0xa9, 0xef, 0xb4, 0xed, 0xfc,
  0x8d, 0xb7, 0x1f, 0x0f, 0x28, 0x7c, 0x2e, 0x9a, 0xe3, 0x94, 0x32, 0xf2,
  0xb3, 0x60, 0x27, 0x1b, 0xda, 0x24, 0x37, 0x9a, 0x62, 0x4e, 0x83, 0xc2,
  0xc7, 0x06, 0x38, 0x86, 0x36, 0x2c, 0x95, 0xe0, 0x1a, 0x40, 0x14, 0xc2,
  0x45, 0x6c, 0x66, 0x51, 0xdd, 0x7a, 0xb4, 0xb2, 0x82, 0x9c, 0x28, 0x7e,
  0xcc, 0x49, 0xeb, 0x6d, 0x4c, 0x2a, 0x5f, 0x34, 0x68, 0x33, 0xe6, 0xef,
  0xc7, 0x83, 0xc3, 0xf7, 0xbb, 0x95, 0x18, 0xba, 0x8e, 0x45, 0x7f, 0x95,
  0xf3, 0x99, 0xb0, 0xaf, 0x62, 0xe9, 0x62, 0xbf, 0xb7, 0x62, 0x59, 0x30,
  0x57, 0x8d, 0x7e, 0xe5, 0x45, 0x71, 0x85, 0xca, 0xe0, 0x3a, 0x2f, 0x19,
  0x06, 0x84, 0x1e, 0xab, 0x29, 0xb8, 0x9e, 0x0a, 0x2d, 0x7d, 0xfc, 0xf1,
  0x87, 0xbd, 0x9d, 0x2d, 0x0f, 0xb8, 0xe9, 0xe7, 0xc7, 0xfe, 0x25, 0xb5,
  0x99, 0x9a, 0xd7, 0x6c, 0xba, 0x9d, 0xcd, 0xf2, 0x82, 0x34, 0xaa, 0xb5,
  0xf9, 0x59, 0xf1, 0x7f, 0xdb, 0x76, 0x41, 0x34, 0x1e, 0x7a, 0x56, 0xb8,
  0xe9, 0xdd, 0xe3, 0xed, 0xff, 0xbd, 0xe1, 0x0d, 0xb3, 0xeb, 0xf4, 0x99,
  0x03, 0x74, 0x8b, 0x56, 0x86, 0x68, 0xdd, 0x63, 0x07, 0xfa, 0x6e, 0x6b,
  0xee, 0xcd, 0xba, 0x3b, 0x8b, 0xfd, 0xdd, 0xbd, 0x93, 0x8f, 0x47, 0x5b,
  0x1e, 0x79, 0x3f, 0xed, 0x7b, 0x40, 0xb2, 0xb7, 0x0f, 0x0f, 0x4e, 0x90,
  0x1a, 0xc1, 0x29, 0xfa, 0x6f, 0x7f, 0x7e, 0x7c, 0x6a, 0x45, 0xc9, 0xa7,
  0xb1, 0xdf, 0x69, 0x77, 0x3a, 0x5d, 0x63, 0xf4, 0xae, 0x66, 0x77, 0x0d,
  0x2c, 0x5b, 0xbe, 0x3d, 0x3b, 0x4f, 0x06, 0x8f, 0xcc, 0x0c, 0xa6, 0x46,
  0xe5, 0xf6, 0xe9, 0x92, 0x15, 0xe7, 0x85, 0xf7, 0xac, 0x8e, 0xed, 0xc9,
  0x33, 0x96, 0x62, 0x7f, 0xef, 0xe4, 0xe8, 0xf0, 0xd8, 0xfb, 0x00, 0x83,
  0xfe, 0x74, 0xb8, 0x7f, 0xb2, 0xf5, 0xac, 0x41, 0xeb, 0x21, 0xe3, 0x2f,
  0x35, 0x68, 0x71, 0xd9, 0xfb, 0x81, 0xe7, 0x27, 0x78, 0x82, 0x3f, 0xb6,
  0x22, 0x4e, 0xc9, 0xbb, 0xbb, 0xae, 0x3d, 0xd0, 0xe9, 0xe3, 0x36, 0x20,
  0xbd, 0xe9, 0x57, 0x69, 0x05, 0xb2, 0x9d, 0x4d, 0x13, 0x0a, 0x4c, 0x39,
  0x7c, 0xf8, 0xd7, 0xcb, 0x04, 0x13, 0x72, 0x61, 0xe2, 0xac, 0xac, 0x40,
  0xb9, 0x38, 0xcb, 0x23, 0x38, 0xba, 0x07, 0xe3, 0x19, 0xc6, 0xca, 0xc2,
  0x32, 0xb0, 0x92, 0x13, 0x3e, 0x1e, 0xc1, 0xaf, 0x80, 0x38, 0x21, 0x18,
  0x41, 0x9e, 0x15, 0x21, 0xb0, 0x7c, 0x85, 0xfc, 0x4d, 0x9c, 0x21, 0x99,
  0x71, 0x7a, 0x92, 0x9f, 0x84, 0x3e, 0x07, 0x22, 0x98, 0x27, 0xf3, 0x2e,
  0xd8, 0x80, 0xe2, 0x56, 0xa1, 0x71, 0x13, 0x36, 0x4f, 0xee, 0x9c, 0x69,
  0xe6, 0xed, 0x41, 0xd5, 0xd4, 0xdb, 0xfa, 0xd3, 0x8c, 0x01, 0xe7, 0xb8,
  0x84, 0xd9, 0x90, 0x80, 0xb9, 0x7c, 0xf7, 0xd6, 0xeb, 0xee, 0x13, 0x47,
  0xb9, 0xbe, 0x3c, 0x55, 0xc8, 0xe5, 0x9e, 0x5e, 0x8f, 0x60, 0x15, 0xec,
  0x8d, 0xfd, 0x3d, 0x60, 0x51, 0xbc, 0xe3, 0xc3, 0xdf, 0xef, 0x1d, 0xbc,
  0x3b, 0x84, 0x11, 0x53, 0x12, 0xdd, 0xac, 0x88, 0xbc, 0x8e, 0x17, 0x7b,
  0x29, 0x2a, 0xd0, 0x9e, 0xb1, 0x6d, 0x2c, 0x74, 0x92, 0x59, 0x3b, 0x1e,
  0x5d, 0x13, 0x59, 0xe6, 0xb9, 0x3b, 0x78, 0xf7, 0x60, 0x67, 0xf7, 0x68,
  0xf7, 0xe1, 0x3f, 0x1d, 0x7a, 0x3f, 0x1d, 0xfc, 0xce, 0x0b, 0x1e, 0x7e,
  0x45, 0x35, 0xfa, 0x32, 0xc0, 0x12, 0x93, 0x25, 0x2d, 0x7b, 0x13, 0x3e,
  0x39, 0xcf, 0xb3, 0xf0, 0x2f, 0x14, 0x52, 0x40, 0x08, 0xf1, 0xe4, 0x3f,
  0xff, 0xf1, 0x19, 0x0a, 0xc2, 0x60, 0x21, 0x21, 0xaa, 0xf3, 0x1f, 0x9f,
  0x27, 0x14, 0xd0, 0x93, 0x7c, 0xb2, 0xe9, 0xef, 0x6d, 0xf4, 0x4e, 0x1f,
  0xa7, 0x33, 0x58, 0xe0, 0xf9, 0x2d, 0xf7, 0x5e, 0xbe, 0x34, 0x6d, 0x23,
  0xb8, 0xb0, 0xc4, 0x23, 0xad, 0x8b, 0x22, 0xf3, 0xa9, 0xd7, 0x8b, 0xb9,
  0xc7, 0xb7, 0x4e, 0xb1, 0xf0, 0x48, 0x7e, 0x83, 0xa1, 0xb9, 0xc6, 0xb1,
  0x2c, 0x7f, 0x28, 0xcb, 0x81, 0xe6, 0x5b, 0x1a, 0xd3, 0x1d, 0xbc, 0xf8,
  0xb6, 0xc8, 0xe5, 0x9a, 0xef, 0xb1, 0x3c, 0x45, 0x58, 0xd1, 0x14, 0xa2,
  0xdc, 0x44, 0x0c, 0xa8, 0xf0, 0x61, 0x39, 0x47, 0x07, 0xf2, 0x69, 0xc4,
  0x63, 0x69, 0xbd, 0x86, 0x3c, 0xb6, 0x15, 0x3c, 0x47, 0x5c, 0x29, 0x03,
  0x5b, 0xb4, 0xda, 0x59, 0xb7, 0x5f, 0x2b, 0xc9, 0xdc, 0x7e, 0xa7, 0x2e,
  0x84, 0x7f, 0xa3, 0x82, 0xf1, 0x38, 0xfc, 0x57, 0xc0, 0x97, 0xbb, 0x9d,
  0x9e, 0x7b, 0xc1, 0xa2, 0x74, 0xf5, 0x3f, 0xfd, 0xa0, 0x94, 0xf5, 0xfe,
  0x37, 0x86, 0xf4, 0x89, 0xf4, 0x54, 0xf0, 0xf3, 0xdb, 0x9c, 0x5d, 0x9a,
  0xee, 0x9b, 0x52, 0xb1, 0xc9, 0x49, 0x52, 0xf4, 0x8f, 0x4b, 0x4a, 0xa7,
  0xa6, 0x5c, 0xcc, 0x31, 0xf4, 0x25, 0xdd, 0x02, 0xb2, 0x04, 0x28, 0x12,
  0x7a, 0x34, 0x22, 0x61, 0xbb, 0x22, 0x0f, 0x71, 0xeb, 0xaa, 0x41, 0x7b,
  0x1d, 0xb3, 0xaf, 0x6f, 0x01, 0x78, 0x3f, 0xa0, 0xe7, 0xa3, 0x38, 0x2d,
  0x70, 0x72, 0x20, 0x13, 0xff, 0xf4, 0x83, 0x88, 0xa1, 0x4e, 0xc3, 0x20,
  0x2b, 0xb0, 0x66, 0x85, 0x1b, 0x7d, 0x3a, 0xe2, 0xac, 0xc0, 0x24, 0xc9,
  0x5a, 0xf1, 0x36, 0x6c, 0x09, 0x97, 0xff, 0x4a, 0x9d, 0x39, 0x71, 0x01,
  0x44, 0x8d, 0x5a, 0x74, 0x84, 0x06, 0xaf, 0x6d, 0xa1, 0x57, 0xaf, 0x05,
  0x8c, 0x55, 0xea, 0xf2, 0xea, 0x7b, 0x33, 0x83, 0xe2, 0x0b, 0x06, 0x20,
  0x69, 0x9e, 0x82, 0xf8, 0x76, 0x9c, 0xfc, 0xc2, 0x37, 0x2d, 0x08, 0xd5,
  0x3e, 0x5a, 0xa0, 0xc1, 0xde, 0x1e, 0x01, 0x2a, 0xa2, 0xe3, 0xb1, 0xa8,
  0x37, 0x85, 0x33, 0xa2, 0x0e, 0x57, 0x03, 0xa6, 0xa2, 0x48, 0xe6, 0x68,
  0x32, 0x31, 0xf2, 0xc3, 0xf1, 0xf1, 0xde, 0x8e, 0x03, 0x55, 0x8c, 0xdf,
  0x50, 0x29, 0x3e, 0x27, 0xa4, 0x83, 0xb4, 0x3c, 0x72, 0x5e, 0x6e, 0x92,
  0xef, 0x78, 0x7f, 0x5e, 0xe0, 0x08, 0xbc, 0x80, 0x43, 0x47, 0x73, 0x61,
  0x08, 0x47, 0x71, 0x67, 0x44, 0x2c, 0x18, 0xf1, 0x42, 0x05, 0x9a, 0x41,
  0x2f, 0x74, 0xf1, 0xc6, 0x0e, 0x39, 0xd3, 0x77, 0x3d, 0xea, 0x71, 0x27,
  0xd2, 0x88, 0x53, 0x5e, 0x0a, 0xd1, 0xc2, 0x89, 0x81, 0x44, 0x92, 0x87,
  0xf4, 0xa0, 0xa7, 0xdf, 0x80, 0xb8, 0x8d, 0x3e, 0xe6, 0x58, 0x5d, 0x07,
  0x8b, 0x42, 0xa6, 0x57, 0xc0, 0x61, 0x5e, 0x5c, 0x0e, 0x04, 0xda, 0xde,
  0xd4, 0x01, 0x59, 0x5a, 0xc3, 0xdc, 0xc0, 0x2a, 0xfc, 0x9e, 0x15, 0x5f,
  0xcc, 0x7d, 0x0d, 0x1c, 0x52, 0x26, 0x58, 0x00, 0x7e, 0xfe, 0xf1, 0x5a,
  0x7d, 0x7c, 0x5e, 0x68, 0x8c, 0x61, 0xeb, 0x1c, 0x63, 0xae, 0xe5, 0x73,
  0x7a, 0xb4, 0x7d, 0xfc, 0x65, 0x97, 0x7d, 0xd3, 0x21, 0x7e, 0xfd, 0x40,
  0xd6, 0xf6, 0x14, 0xaf, 0x4a, 0xe7, 0xea, 0x9d, 0x0d, 0x95, 0x6f, 0x28,
  0xf6, 0x02, 0xc2, 0xe4, 0x66, 0xe5, 0x9b, 0x18, 0x40, 0x3d, 0x48, 0x00,
  0x9f, 0x5f, 0x94, 0x02, 0x07, 0xe0, 0x4d, 0x01, 0x30, 0x2e, 0xc8, 0xbc,
  0x44, 0x5e, 0x35, 0x82, 0x00, 0x59, 0xb1, 0xa1, 0x91, 0x2c, 0x7a, 0x8c,
  0x24, 0xc0, 0x23, 0x11, 0xbd, 0x96, 0xc5, 0x43, 0x7f, 0xad, 0x69, 0xb5,
  0xa8, 0x17, 0x8c, 0x61, 0x18, 0xf1, 0xb0, 0x71, 0x39, 0x29, 0xf3, 0xb0,
  0x33, 0x39, 0x95, 0x88, 0x58, 0x8e, 0x9e, 0xf0, 0xad, 0xe9, 0x73, 0x60,
  0xbf, 0x3b, 0xc8, 0x70, 0x5d, 0x30, 0x8d, 0x70, 0xe6, 0x9b, 0x6c, 0x4e,
  0xfe, 0x89, 0x1f, 0xf9, 0x64, 0xd0, 0x56, 0xa8, 0x4c, 0xc3, 0x94, 0x63,
  0xd8, 0xd6, 0xb2, 0x1b, 0xb2, 0x5c, 0x0a, 0xf5, 0x35, 0x06, 0x78, 0x13,
  0xfe, 0xe5, 0xe5, 0xe2, 0xe2, 0x82, 0xbe, 0x23, 0x5a, 0xef, 0x85, 0xca,
  0x7d, 0xa2, 0xc9, 0xd6, 0x26, 0xd1, 0xa1, 0xa4, 0x2a, 0xb6, 0x36, 0x09,
  0x4a, 0xde, 0xbc, 0xc5, 0x94, 0xb9, 0x4c, 0x16, 0x27, 0x8e, 0xb9, 0x4c,
  0xb9, 0xac, 0xbb, 0x40, 0x5b, 0x19, 0x8c, 0x2a, 0x56, 0x35, 0x85, 0x09,
  0x56, 0x56, 0xd1, 0x74, 0x86, 0x85, 0xcb, 0xf9, 0x77, 0x2b, 0xce, 0x67,
  0xcb, 0x2c, 0x66, 0xcd, 0x8d, 0xda, 0xa8, 0x4d, 0x11, 0x9a, 0xa2, 0x07,
  0x4a, 0x6b, 0x02, 0x37, 0x6c, 0x60, 0xb7, 0xfd, 0xd2, 0xb6, 0x4e, 0xc8,
  0xa0, 0xc4, 0x32, 0x46, 0x6e, 0xb4, 0x5c, 0x5d, 0x4c, 0x48, 0x1e, 0x8c,
  0x9d, 0x83, 0x29, 0x41, 0x31, 0x42, 0x8e, 0xca, 0x00, 0x50, 0x8b, 0x9b,
  0x43, 0xfb, 0xad, 0x50, 0x14, 0xcd, 0x29, 0x63, 0xd1, 0x32, 0x59, 0xea,
  0x7a, 0x7a, 0xad, 0x0b, 0xa9, 0x77, 0xc3, 0xd1, 0x60, 0x6a, 0x12, 0x12,
  0xc4, 0x0b, 0xdd, 0x05, 0x4d, 0xbf, 0xf0, 0x93, 0x6c, 0x1e, 0x50, 0x0a,
  0x24, 0xa0, 0xf9, 0xae, 0xa2, 0x0d, 0x4d, 0x89, 0xa8, 0x66, 0x82, 0x68,
  0xd4, 0xc6, 0x45, 0xe4, 0x42, 0x56, 0x9b, 0x00, 0x35, 0x68, 0x2a, 0x23,
  0xa9, 0x84, 0x2c, 0x75, 0x79, 0xdd, 0x54, 0x86, 0x48, 0x85, 0x6a, 0x07,
  0x76, 0xf2, 0xbb, 0x8c, 0x34, 0x37, 0x4e, 0x39, 0x27, 0xc6, 0x87, 0x29,
  0x8a, 0x9b, 0xbe, 0xa9, 0xa8, 0x20, 0x06, 0xdd, 0xd7, 0xaf, 0x57, 0x4c,
  0xd9, 0x8f, 0x05, 0x51, 0x97, 0x5a, 0x59, 0x7c, 0x8f, 0x3a, 0x84, 0x4a,
  0xcb, 0x75, 0x28, 0xb3, 0x69, 0xd2, 0xd4, 0x86, 0x7c, 0x6d, 0xaa, 0xc3,
  0x8b, 0x5a, 0xed, 0xd9, 0x53, 0x81, 0x8e, 0xac, 0x33, 0x00, 0x3d, 0xb9,
  0x28, 0xbc, 0x31, 0x52, 0x7c, 0x19, 0x87, 0xce, 0x60, 0x57, 0xed, 0x93,
  0x49, 0xbc, 0x5e, 0x45, 0x34, 0x19, 0x0a, 0x05, 0xa3, 0x89, 0xd5, 0x50,
  0x8e, 0xee, 0x19, 0x0b, 0x8a, 0xea, 0xd4, 0xaa, 0xc7, 0xb5, 0xab, 0xfa,
  0x10, 0xdb, 0x21, 0x59, 0x46, 0xd9, 0xb5, 0xc0, 0xee, 0x0f, 0x2c, 0x45,
  0x63, 0xcb, 0x39, 0xd1, 0x2c, 0xb6, 0x80, 0xda, 0xfb, 0xed, 0x82, 0x4a,
  0xb6, 0x4a, 0x76, 0xee, 0x37, 0xe5, 0x32, 0xe1, 0x68, 0x9d, 0xcf, 0x80,
  0xde, 0xc9, 0x82, 0x18, 0x5f, 0x02, 0x33, 0x84, 0xac, 0x7d, 0x6b, 0x9c,
  0x10, 0xad, 0x5a, 0xb5, 0x02, 0x85, 0xdc, 0x87, 0xd1, 0x33, 0x86, 0x36,
  0x85, 0x59, 0xb8, 0x63, 0x9b, 0xd7, 0xb7, 0x8c, 0xa9, 0xe1, 0xcb, 0x8a,
  0xfe, 0x12, 0xab, 0x05, 0xfa, 0x90, 0xfc, 0xd6, 0x31, 0x2f, 0xd1, 0x88,
  0xc3, 0x68, 0x3d, 0x9f, 0x13, 0xf0, 0x43, 0x34, 0x4b, 0x09, 0x03, 0x9f,
  0xca, 0x56, 0x28, 0x47, 0x20, 0x03, 0x85, 0xa8, 0x30, 0x45, 0x32, 0x60,
  0x07, 0x57, 0xd1, 0x42, 0x22, 0x32, 0x11, 0x51, 0x0f, 0x32, 0xd0, 0xb5,
  0x0a, 0x91, 0x1b, 0xdc, 0xa2, 0x0f, 0x43, 0x27, 0x32, 0xb1, 0x3c, 0x50,
  0x64, 0xf5, 0xed, 0x30, 0x82, 0x4d, 0xd1, 0xc4, 0x90, 0x9e, 0xa5, 0x17,
  0x4a, 0x29, 0x68, 0xb3, 0xf7, 0xca, 0xa0, 0xd8, 0x56, 0x8d, 0x53, 0xe8,
  0x1a, 0xcf, 0x31, 0x6b, 0xe3, 0xed, 0x4b, 0xe5, 0xa8, 0xdd, 0x4e, 0x60,
  0x12, 0xc5, 0x53, 0xba, 0xf4, 0xca, 0x45, 0x70, 0xb3, 0xaa, 0x5c, 0xf5,
  0x65, 0xbf, 0x97, 0xae, 0xb4, 0xe6, 0x86, 0x90, 0xe2, 0x7f, 0xaf, 0x39,
  0xe2, 0x8f, 0x7b, 0x75, 0x4a, 0xb1, 0x46, 0x1e, 0xbd, 0x3d, 0xd5, 0x17,
  0xfc, 0xe8, 0x67, 0xd8, 0x7c, 0x47, 0x5a, 0x3e, 0x7d, 0x47, 0x2a, 0x83,
  0x89, 0x88, 0x7c, 0x67, 0x0b, 0x54, 0x61, 0x4d, 0xc0, 0x75, 0xda, 0x75,
  0x60, 0xca, 0x22, 0xf9, 0xba, 0x57, 0x79, 0x6d, 0x44, 0x35, 0xab, 0x9e,
  0x18, 0xa9, 0x15, 0xec, 0x3f, 0x4b, 0x77, 0x68, 0x9d, 0xb6, 0x47, 0x18,
  0x0c, 0x22, 0xc0, 0x17, 0xb0, 0x9e, 0x30, 0x5b, 0xf5, 0xc2, 0xc2, 0xde,
  0x4a, 0x51, 0x85, 0xb7, 0xf4, 0x72, 0x2f, 0xbd, 0xc8, 0x02, 0x3b, 0xa5,
  0x8d, 0x8d, 0x01, 0x3a, 0xa9, 0x0d, 0x4e, 0x6b, 0x81, 0x2c, 0xf5, 0x31,
  0x54, 0xc8, 0x7a, 0x4f, 0x4d, 0xa9, 0xd7, 0xc2, 0xc4, 0x6b, 0xf3, 0xa9,
  0x8b, 0x90, 0x62, 0xa0, 0x24, 0xa9, 0x44, 0x8a, 0xc6, 0x92, 0xe5, 0x75,
  0x26, 0x02, 0x90, 0x20, 0x2d, 0x7a, 0x74, 0x1a, 0xee, 0x97, 0xbf, 0x64,
  0x1a, 0x8f, 0xe0, 0x0d, 0x8b, 0x4f, 0x2b, 0xf5, 0x0d, 0xe0, 0xb1, 0xee,
  0x19, 0x32, 0xef, 0xb0, 0x2a, 0xdd, 0x75, 0x01, 0x04, 0x0c, 0x4b, 0x43,
  0xf2, 0x73, 0xb5, 0x56, 0xcf, 0x05, 0x1c, 0x73, 0x43, 0xcb, 0x1c, 0xb0,
  0x03, 0x0a, 0xbf, 0x44, 0x98, 0x81, 0x46, 0xf2, 0xa2, 0x96, 0x48, 0x03,
  0xa4, 0xaf, 0x31, 0x82, 0x5a, 0x16, 0x2f, 0x91, 0x32, 0x81, 0xd9, 0x01,
  0xa9, 0xe4, 0x9d, 0xfe, 0x23, 0x17, 0xbf, 0xbc, 0x7a, 0xf1, 0x2b, 0xf1,
  0xd9, 0x5c, 0xfa, 0xca, 0x17, 0xf5, 0x0b, 0x5f, 0x18, 0x9f, 0x73, 0xe1,
  0xbb, 0x4b, 0x59, 0xbb, 0x30, 0x71, 0x37, 0x46, 0x5c, 0xcf, 0x66, 0xea,
  0x66, 0xb7, 0x95, 0xe9, 0x24, 0x37, 0x18, 0xe9, 0xbc, 0xb3, 0x1e, 0x5b,
  0x43, 0x37, 0x77, 0x8d, 0x14, 0x28, 0x91, 0x2c, 0xcc, 0x6b, 0x09, 0x3e,
  0xdc, 0xc0, 0x4d, 0x68, 0xfd, 0x51, 0x89, 0xe8, 0x38, 0x10, 0xce, 0x8d,
  0xc2, 0x56, 0x12, 0xbd, 0xe4, 0xed, 0x80, 0x8e, 0x3a, 0x2e, 0xcf, 0xb2,
  0x2c, 0xf6, 0xbc, 0x9c, 0x39, 0xc9, 0xb0, 0x0f, 0xa2, 0x15, 0x1a, 0x58,
  0xf6, 0x4b, 0x4c, 0x9a, 0xf3, 0x9c, 0xbc, 0x30, 0x22, 0xad, 0xb9, 0x9d,
  0x1a, 0xa6, 0x1a, 0x07, 0x74, 0x38, 0x94, 0x04, 0xd5, 0x3e, 0xb9, 0x61,
  0x75, 0x65, 0x7c, 0x45, 0xfb, 0xe0, 0x8e, 0xac, 0x68, 0x40, 0xf3, 0xd0,
  0x15, 0x53, 0xcc, 0x19, 0xec, 0x2e, 0x65, 0xa0, 0x3f, 0x8d, 0x2d, 0xc9,
  0x85, 0x32, 0x8a, 0x49, 0xaa, 0x6d, 0xb9, 0xa8, 0x8b, 0x8e, 0xc9, 0x88,
  0xb8, 0x8c, 0x10, 0x77, 0xf3, 0x51, 0x84, 0x15, 0x29, 0x28, 0x3a, 0xd8,
  0xb8, 0x55, 0x67, 0x71, 0x31, 0x81, 0xd3, 0x31, 0x0d, 0xf3, 0x66, 0xb4,
  0xac, 0xc4, 0x0d, 0x3c, 0x44, 0x05, 0x73, 0x22, 0x2f, 0xf7, 0xbd, 0xf2,
  0xe1, 0x7f, 0x62, 0x42, 0x03, 0xb2, 0x2e, 0x18, 0x26, 0x17, 0x9c, 0x9c,
  0xf9, 0x8b, 0xb6, 0x4f, 0xb9, 0x90, 0x6e, 0x6b, 0x2d, 0xd6, 0x5a, 0xdb,
  0x02, 0x81, 0x2b, 0x91, 0x79, 0xaf, 0x58, 0x7c, 0x8b, 0xb0, 0x84, 0xb5,
  0x13, 0x80, 0xe9, 0x83, 0xbc, 0x82, 0xea, 0xc3, 0x6e, 0x3f, 0xb9, 0x5f,
  0x13, 0x23, 0x07, 0x8e, 0x28, 0x25, 0x44, 0xa3, 0x0f, 0x3d, 0x18, 0xf4,
  0xda, 0x9c, 0x58, 0xa0, 0x3a, 0x0a, 0xd7, 0x73, 0x30, 0x86, 0x21, 0xcb,
  0x51, 0x5f, 0x4d, 0x64, 0x01, 0xeb, 0x40, 0xc1, 0xd4, 0x57, 0x95, 0x59,
  0x60, 0xf6, 0x41, 0xcc, 0xf1, 0xf1, 0xed, 0x21, 0x41, 0x1b, 0x03, 0x7f,
  0x36, 0x84, 0xf8, 0x8c, 0x24, 0xe6, 0xbe, 0x95, 0x4a, 0x48, 0x02, 0x1b,
  0x32, 0x9c, 0x28, 0x43, 0xda, 0xa1, 0x24, 0x9e, 0xb3, 0x86, 0x12, 0x36,
  0x22, 0x1e, 0x2b, 0xb0, 0x88, 0xf7, 0x22, 0x3f, 0xf5, 0xf3, 0xd6, 0x7f,
  0x07, 0x08, 0xcb, 0x6c, 0xe2, 0xa5, 0xd9, 0x84, 0x7b, 0x0f, 0xff, 0x55,
  0x6b, 0x45, 0xdb, 0xf5, 0x4b, 0x6e, 0xd5, 0x3e, 0xba, 0x85, 0x88, 0xe4,
  0x23, 0xc3, 0x1b, 0xf5, 0xb7, 0x2d, 0x32, 0xaa, 0xd8, 0x49, 0xe6, 0xf8,
  0xe6, 0xfc, 0xb6, 0xfb, 0x3d, 0x51, 0x60, 0x57, 0x59, 0x92, 0x08, 0x55,
  0x2a, 0xd9, 0xe7, 0x7b, 0xa9, 0xb0, 0x8e, 0x05, 0x81, 0x98, 0xc9, 0xa4,
  0x83, 0x16, 0x35, 0x83, 0xba, 0x2b, 0x32, 0x18, 0x79, 0x32, 0x15, 0xf1,
  0x23, 0x15, 0x08, 0x93, 0xf4, 0xea, 0xe1, 0xd7, 0x71, 0x32, 0xcc, 0x84,
  0xe3, 0x2c, 0xe5, 0x2a, 0x54, 0x3c, 0x19, 0x54, 0x5b, 0x55, 0x5d, 0xc2,
  0xeb, 0x12, 0xeb, 0x4e, 0x73, 0x60, 0xf2, 0x0b, 0x72, 0x51, 0xb5, 0x76,
  0x80, 0x6c, 0x03, 0x70, 0xbe, 0xff, 0xb2, 0x3a, 0x48, 0xa4, 0xd5, 0x35,
  0xfb, 0x1b, 0x22, 0xc5, 0x38, 0x36, 0x66, 0x4f, 0xf0, 0x95, 0xa8, 0xdb,
  0x40, 0x99, 0x54, 0xce, 0x8d, 0x94, 0xe1, 0x75, 0x02, 0x06, 0x18, 0x62,
  0x78, 0x05, 0x63, 0x99, 0xe8, 0xac, 0x79, 0xa6, 0x29, 0x0d, 0x18, 0xe8,
  0x14, 0x4d, 0x58, 0x12, 0xc4, 0xcb, 0xbe, 0xdf, 0x60, 0xd2, 0x43, 0xd9,
  0x2c, 0x9a, 0x96, 0x4f, 0xec, 0xa6, 0x6f, 0x5f, 0xbd, 0xad, 0x4a, 0x08,
  0x5d, 0x8f, 0xa7, 0x57, 0x88, 0xa4, 0x78, 0x1d, 0xa4, 0x60, 0xcd, 0xcc,
  0x5a, 0x7e, 0x04, 0xc2, 0x91, 0x29, 0x28, 0xd2, 0xa8, 0xa1, 0x9c, 0x5a,
  0x11, 0x6b, 0x4d, 0xcd, 0x0a, 0x6e, 0x79, 0x7f, 0x9a, 0x89, 0x29, 0xe1,
  0x12, 0x70, 0xbb, 0x2a, 0xc5, 0x11, 0x11, 0x89, 0x3b, 0x30, 0xa1, 0x60,
  0x59, 0x59, 0x6b, 0xb3, 0x9c, 0x4e, 0xaf, 0xdf, 0xb0, 0x3e, 0x72, 0x6d,
  0x5d, 0x38, 0x3a, 0xc7, 0x2c, 0xe1, 0x1e, 0xee, 0x11, 0x66, 0x96, 0x2c,
  0xbb, 0x12, 0xb9, 0xa9, 0xfe, 0x0a, 0x0b, 0x5c, 0x81, 0x2d, 0x26, 0x3c,
  0xc9, 0x51, 0xdf, 0x2d, 0x96, 0x3a, 0xe7, 0x50, 0xb6, 0xa4, 0xa5, 0x9e,
  0xdf, 0x43, 0x73, 0x6e, 0x45, 0x7d, 0x9c, 0x59, 0xd1, 0x69, 0x2a, 0xf4,
  0x51, 0xf4, 0x4d, 0xda, 0x52, 0xe4, 0xe7, 0x49, 0x16, 0x7d, 0x44, 0x6e,
  0x8d, 0xb8, 0x56, 0x7f, 0xc4, 0x35, 0x05, 0x89, 0x2a, 0x53, 0xd5, 0x89,
  0x50, 0xc0, 0x42, 0xaa, 0xc6, 0x07, 0x80, 0x57, 0x71, 0xf5, 0x3b, 0xb6,
  0x8a, 0x3a, 0x8e, 0xb8, 0x41, 0xdb, 0x21, 0x3f, 0x6d, 0x06, 0x32, 0xf1,
  0x3c, 0x97, 0x6a, 0x8e, 0xc8, 0x79, 0x46, 0x95, 0x86, 0xfb, 0xe6, 0xc7,
  0x6b, 0xf4, 0x6c, 0x96, 0x85, 0xe3, 0x8a, 0xc6, 0xc4, 0x9d, 0x0c, 0x56,
  0x8e, 0x6b, 0x1a, 0x13, 0xb7, 0xcc, 0x8f, 0xd7, 0x71, 0x45, 0x5b, 0xa2,
  0x63, 0x9a, 0x72, 0xa3, 0x08, 0x89, 0x1b, 0xf5, 0x25, 0xa6, 0x25, 0xa5,
  0x06, 0x71, 0x8e, 0xfd, 0xba, 0xd6, 0x44, 0xa6, 0xa3, 0x44, 0x4d, 0x09,
  0x77, 0xd4, 0x21, 0xa6, 0x7d, 0x5b, 0xe9, 0xe1, 0x80, 0xdd, 0xd5, 0x93,
  0x10, 0xe4, 0xe9, 0x15, 0x50, 0xff, 0xeb, 0x2c, 0x1f, 0xc6, 0x0d, 0x85,
  0x70, 0x64, 0x52, 0x61, 0x12, 0x37, 0x29, 0x55, 0x9c, 0xf6, 0x1d, 0x45,
  0x0a, 0x35, 0x8f, 0x6f, 0x9c, 0xd6, 0x9d, 0x22, 0x78, 0x30, 0x52, 0x94,
  0x6d, 0x7d, 0x3b, 0x85, 0xa9, 0xae, 0xe4, 0x29, 0x79, 0x92, 0x89, 0x1b,
  0xb8, 0x58, 0x96, 0xa9, 0x04, 0xec, 0x47, 0xbd, 0xa0, 0x9b, 0xab, 0xf2,
  0x89, 0xd4, 0x9a, 0x42, 0x1e, 0x68, 0x88, 0x1b, 0xfe, 0xec, 0x8c, 0x9a,
  0x39, 0xf4, 0x83, 0xca, 0x0e, 0x24, 0x83, 0x18, 0x01, 0xff, 0x08, 0xf3,
  0xc1, 0xe4, 0x7c, 0xb8, 0xa6, 0xf8, 0x90, 0xc8, 0x0a, 0x1a, 0x6e, 0x27,
  0x25, 0x90, 0xa7, 0x78, 0xbe, 0x29, 0xf3, 0x49, 0x4a, 0xa2, 0xe1, 0xec,
  0x75, 0x90, 0x5b, 0x13, 0x95, 0xf1, 0x09, 0xb7, 0x6c, 0x5f, 0x97, 0x95,
  0x87, 0xfd, 0xdf, 0x3a, 0x0c, 0x79, 0x53, 0xc0, 0xf1, 0x0a, 0x43, 0xed,
  0x9e, 0x18, 0x8a, 0x83, 0x06, 0x41, 0x99, 0x8d, 0xc7, 0x37, 0xb7, 0x95,
  0x15, 0x11, 0xd3, 0xa1, 0xe4, 0x9d, 0x66, 0xdd, 0x48, 0x93, 0x65, 0xa9,
  0x62, 0x59, 0x3e, 0x51, 0x39, 0x78, 0xa5, 0x29, 0x64, 0x57, 0x9a, 0xa3,
  0x48, 0xb5, 0x13, 0x15, 0xd8, 0x0c, 0x9c, 0x34, 0x14, 0xbc, 0xfd, 0x19,
  0x5b, 0xcc, 0x27, 0x44, 0x2b, 0xec, 0x82, 0xc8, 0xc9, 0xb9, 0xc1, 0x8a,
  0x4d, 0x01, 0xd2, 0x72, 0x44, 0x4d, 0xf1, 0x4c, 0x51, 0xaf, 0x8f, 0x31,
  0xf2, 0x82, 0x4a, 0xe1, 0xd8, 0x69, 0xaa, 0xde, 0x57, 0xb7, 0xda, 0x59,
  0x59, 0x0f, 0xab, 0x3a, 0xac, 0xe6, 0xe7, 0x70, 0x06, 0x2f, 0x7f, 0xc6,
  0x95, 0xa0, 0xab, 0xb7, 0x7f, 0xad, 0x69, 0xdd, 0x47, 0xab, 0x7c, 0x85,
  0x5c, 0x11, 0xea, 0xe9, 0x0e, 0x30, 0xeb, 0x8c, 0xb4, 0x44, 0xa0, 0x15,
  0xae, 0xc8, 0x64, 0xca, 0x4a, 0x01, 0x64, 0x32, 0x92, 0xd5, 0x37, 0x61,
  0x49, 0x97, 0x78, 0x3d, 0x97, 0xa7, 0x64, 0x58, 0x3f, 0xe0, 0x7d, 0x0a,
  0x60, 0x42, 0x22, 0x8f, 0xad, 0x01, 0x4f, 0x4a, 0xf2, 0xde, 0x60, 0x06,
  0xc9, 0x6b, 0x5c, 0xec, 0x23, 0xb9, 0x49, 0x29, 0x03, 0x82, 0x25, 0xa5,
  0xa1, 0xcc, 0xff, 0xf1, 0xc3, 0x0e, 0xfa, 0x3b, 0xbf, 0x83, 0x9e, 0x63,
  0x7f, 0x54, 0x96, 0xd3, 0xa2, 0xbf, 0xbc, 0x2c, 0xd4, 0xad, 0xed, 0xf3,
  0x91, 0xc8, 0xc4, 0xd4, 0x9e, 0x96, 0x56, 0x94, 0x63, 0x4c, 0x1b, 0x06,
  0x7f, 0x3f, 0xc0, 0xe6, 0xb5, 0xb3, 0x44, 0x48, 0x15, 0x8c, 0x95, 0x2c,
  0x82, 0xab, 0xb0, 0xd4, 0x2a, 0xb3, 0x55, 0xcb, 0x0f, 0x41, 0x74, 0x56,
  0x4f, 0x6d, 0x93, 0xe6, 0xca, 0x0a, 0xff, 0xaa, 0x6e, 0x67, 0x96, 0x4f,
  0xff, 0xb1, 0xd3, 0x7a, 0x73, 0xb6, 0x7c, 0x19, 0xa1, 0xee, 0x48, 0xe6,
  0x9c, 0xb6, 0x8c, 0x6a, 0x0b, 0xd8, 0x6b, 0x3c, 0xb7, 0xdd, 0x04, 0x2b,
  0xe3, 0x02, 0x4a, 0xe3, 0xbc, 0x29, 0x43, 0x72, 0x65, 0x10, 0xe1, 0x80,
  0x3b, 0x6b, 0x7c, 0x5d, 0xbb, 0x38, 0x33, 0x65, 0xbd, 0xae, 0x1c, 0xa6,
  0xc2, 0x35, 0xbe, 0xb4, 0xa4, 0x04, 0x48, 0x76, 0xca, 0xcf, 0x30, 0x14,
  0x6d, 0x1a, 0xe7, 0xe2, 0x17, 0x4a, 0x80, 0xc9, 0x02, 0x09, 0x7d, 0x32,
  0x38, 0xc8, 0x7a, 0x22, 0xfd, 0x1f, 0x16, 0xba, 0x35, 0x11, 0x1d, 0x0f,
  0x59, 0x20, 0x06, 0x3a, 0x39, 0xaa, 0xce, 0x12, 0x64, 0xd2, 0xf9, 0x09,
  0x5d, 0xc7, 0xac, 0x45, 0x11, 0xe3, 0x85, 0xf8, 0x6a, 0xb4, 0xe4, 0x2a,
  0x80, 0xb1, 0x95, 0xc0, 0x2c, 0x77, 0x92, 0x64, 0x58, 0x0b, 0xb8, 0x04,
  0xa2, 0x9b, 0xe4, 0xc1, 0x97, 0x85, 0x6b, 0x68, 0x4b, 0x82, 0x60, 0x19,
  0xd0, 0x2c, 0x1d, 0x00, 0xbf, 0xf1, 0xf1, 0x68, 0x0f, 0x53, 0xfe, 0x64,
  0x29, 0x1a, 0x12, 0x58, 0xbd, 0x00, 0x0e, 0xc2, 0x57, 0x8a, 0x29, 0x57,
  0xf8, 0x32, 0xcb, 0x59, 0xfe, 0x58, 0x96, 0xb3, 0x5c, 0x67, 0x39, 0xe3,
  0x2a, 0xc3, 0x59, 0x5e, 0xc9, 0x70, 0x56, 0x0b, 0xd2, 0xf7, 0xb4, 0x8e,
  0xe3, 0xd1, 0xc0, 0xef, 0x20, 0x19, 0xa0, 0xfd, 0x47, 0x25, 0x89, 0x5c,
  0xa4, 0x52, 0x43, 0x36, 0xa5, 0x06, 0x50, 0x41, 0xea, 0xef, 0x0d, 0xbe,
  0x54, 0xac, 0x04, 0xc2, 0x26, 0x95, 0x12, 0x8a, 0xa9, 0x95, 0x91, 0xed,
  0x12, 0xbb, 0x6a, 0x47, 0xe3, 0x77, 0x12, 0x08, 0x2e, 0x01, 0x3a, 0xd7,
  0x8e, 0x4f, 0x39, 0x50, 0x1d, 0x5c, 0x08, 0xf7, 0x7a, 0x59, 0x25, 0x66,
  0x53, 0x71, 0x59, 0xdc, 0x38, 0x7a, 0x2b, 0x31, 0x01, 0x17, 0x71, 0xee,
  0x9f, 0x00, 0x20, 0xec, 0xbb, 0xff, 0x40, 0xd9, 0x5d, 0xd3, 0xc2, 0x1a,
  0xdf, 0x04, 0x2f, 0x64, 0xa5, 0x87, 0x24, 0x69, 0x6c, 0x97, 0x60, 0xeb,
  0x91, 0x8b, 0x45, 0x3d, 0x0d, 0xf5, 0x80, 0x42, 0x0a, 0x3b, 0x30, 0xf6,
  0x9d, 0x41, 0x2b, 0x4a, 0xf8, 0xd8, 0xb8, 0x55, 0x94, 0xc2, 0xb0, 0xae,
  0x0a, 0x42, 0x0b, 0x65, 0x55, 0xe7, 0x93, 0x40, 0x4e, 0xdc, 0x9b, 0x26,
  0x7f, 0xc3, 0x4c, 0xe1, 0x6c, 0x51, 0xdb, 0x0a, 0x18, 0x1e, 0x92, 0x8e,
  0x32, 0xa6, 0x29, 0x35, 0x5e, 0x40, 0x84, 0xee, 0x23, 0x12, 0x76, 0x47,
  0x1d, 0x58, 0x9b, 0x26, 0xf4, 0x2b, 0x60, 0x83, 0x46, 0x44, 0x66, 0x49,
  0x93, 0x42, 0xaa, 0x5e, 0x5c, 0xa6, 0x88, 0xb5, 0xe7, 0x24, 0xbc, 0x93,
  0xd6, 0x49, 0x22, 0x4c, 0xd4, 0xb8, 0x24, 0x36, 0x49, 0x5a, 0x21, 0xad,
  0x99, 0x24, 0xac, 0xcf, 0xde, 0xb1, 0x70, 0xde, 0xeb, 0xa9, 0x7f, 0xf3,
  0x7e, 0x55, 0x49, 0x0d, 0xf3, 0x36, 0x26, 0xb7, 0x69, 0xdc, 0x7b, 0x8f,
  0xcc, 0x42, 0xf8, 0xcb, 0x34, 0x6c, 0xbe, 0xec, 0xbc, 0xa4, 0xfc, 0x2e,
  0xb8, 0x6a, 0xcc, 0x4a, 0x1e, 0x09, 0x5b, 0xd1, 0x65, 0xbc, 0x4a, 0x15,
  0xc4, 0x37, 0x43, 0xe5, 0x03, 0x39, 0x83, 0xa4, 0xb0, 0x1e, 0xca, 0x73,
  0x17, 0xf7, 0x68, 0x60, 0x83, 0x15, 0x0e, 0x4f, 0xe7, 0x31, 0xda, 0xca,
  0x73, 0x76, 0xd3, 0x4e, 0x0a, 0xfa, 0x4b, 0x8a, 0x60, 0x5b, 0xe7, 0xeb,
  0xae, 0x6f, 0xb7, 0xb6, 0xa2, 0xa8, 0x84, 0x45, 0xc6, 0x4c, 0x2f, 0xab,
  0x3f, 0x7f, 0xd9, 0x64, 0x44, 0x63, 0xd4, 0xe5, 0x5a, 0x00, 0x5d, 0x92,
  0x36, 0x41, 0xdc, 0x38, 0xf9, 0xa9, 0xb6, 0x22, 0x77, 0x03, 0x29, 0xad,
  0xae, 0xf2, 0xd6, 0xad, 0xba, 0x84, 0xf2, 0xb6, 0x5c, 0xc5, 0x38, 0xae,
  0x66, 0x6c, 0x69, 0xb2, 0xaa, 0xbf, 0xb8, 0x06, 0x02, 0x8b, 0x36, 0xef,
  0xd5, 0x90, 0x73, 0x3a, 0x10, 0xa5, 0x6a, 0xaf, 0x12, 0x6a, 0x10, 0x6b,
  0xe8, 0x1c, 0xb9, 0x3a, 0x74, 0x9a, 0xb0, 0x48, 0x67, 0x8e, 0xa3, 0xe1,
  0x28, 0xe7, 0x17, 0xe6, 0x2a, 0x6a, 0x96, 0x8f, 0x45, 0x8c, 0xea, 0xec,
  0x3a, 0xc5, 0x9c, 0x40, 0x1b, 0x3b, 0x26, 0x6f, 0xf4, 0xfa, 0x32, 0x6b,
  0x30, 0xca, 0x6b, 0x08, 0xac, 0x66, 0x55, 0x02, 0x4c, 0x00, 0x9c, 0x18,
  0x21, 0x48, 0x3c, 0xae, 0x14, 0x48, 0x2d, 0x60, 0x57, 0xce, 0x59, 0xf2,
  0x15, 0x5e, 0x4d, 0x3c, 0x5f, 0xea, 0xc8, 0x73, 0x5d, 0x50, 0x79, 0x32,
  0xbd, 0x08, 0xfb, 0x4f, 0x6c, 0xaf, 0x03, 0x65, 0xf6, 0x77, 0x9e, 0xa4,
  0x0f, 0xbf, 0x52, 0x80, 0xe8, 0xe9, 0xec, 0x1c, 0x19, 0x19, 0x52, 0x45,
  0x20, 0x61, 0x6d, 0x58, 0x4b, 0xe5, 0x28, 0x75, 0x6f, 0x5f, 0x21, 0xe3,
  0x64, 0x15, 0xe9, 0x09, 0x64, 0x52, 0xaa, 0x94, 0xec, 0x8e, 0x66, 0x2d,
  0xe0, 0xde, 0xe9, 0x42, 0x14, 0x03, 0xd4, 0x93, 0x43, 0x21, 0x30, 0x2a,
  0x51, 0x26, 0xe8, 0x91, 0x56, 0x2a, 0xa7, 0xea, 0x30, 0xc6, 0xe3, 0xf0,
  0x2d, 0x14, 0x3d, 0x22, 0xa2, 0xb7, 0xc6, 0xdb, 0x19, 0x41, 0x32, 0x56,
  0x69, 0x98, 0x7b, 0x2b, 0x2b, 0xc8, 0x20, 0x40, 0xa9, 0x8f, 0xb0, 0x15,
  0x5e, 0x4b, 0x9c, 0x96, 0x9a, 0x1f, 0x6c, 0x3a, 0xcc, 0x9a, 0xf5, 0x85,
  0x99, 0x8b, 0xd6, 0x7b, 0x98, 0x33, 0x93, 0x74, 0x34, 0x30, 0x51, 0x40,
  0x3f, 0x6f, 0x36, 0xc1, 0x80, 0xa9, 0xec, 0x92, 0x32, 0xe1, 0x1a, 0x85,
  0x9b, 0xb7, 0x9b, 0x5e, 0x25, 0x99, 0x37, 0xc0, 0xa0, 0x5a, 0x18, 0x6c,
  0x4e, 0xea, 0x90, 0x3d, 0xd4, 0x55, 0x93, 0x30, 0x50, 0x46, 0x22, 0x60,
  0x3c, 0xa5, 0x64, 0x46, 0xd5, 0x52, 0xb6, 0xe9, 0xeb, 0xdc, 0x08, 0x34,
  0x49, 0x95, 0xa7, 0xbd, 0x96, 0x1c, 0x22, 0x11, 0x99, 0x24, 0x9a, 0x98,
  0x61, 0x93, 0x03, 0x6e, 0x86, 0xbe, 0x30, 0xc3, 0x4a, 0x66, 0xe2, 0xda,
  0x1c, 0x6b, 0xf3, 0xdb, 0x12, 0x6a, 0x2e, 0x24, 0x9c, 0x62, 0x9a, 0x76,
  0xca, 0x71, 0x8b, 0xbc, 0xc0, 0xd9, 0x4a, 0x20, 0x07, 0xa1, 0x6a, 0x07,
  0x28, 0x01, 0xf2, 0x76, 0x40, 0x14, 0x80, 0xdd, 0x86, 0x4e, 0xa1, 0x73,
  0xc1, 0x47, 0x45, 0x69, 0x94, 0x0a, 0xbf, 0x08, 0x2a, 0xfc, 0xbb, 0xf7,
  0xfb, 0xef, 0x80, 0x9d, 0x45, 0xf9, 0x12, 0x18, 0x21, 0x8c, 0x47, 0x1a,
  0xe4, 0x44, 0x3f, 0x02, 0x25, 0xa2, 0xea, 0xcc, 0xaf, 0x9a, 0x11, 0xcb,
  0xdb, 0x02, 0x4b, 0x60, 0x3d, 0xa7, 0x79, 0x76, 0x89, 0x3e, 0x6f, 0x22,
  0x97, 0xb9, 0x24, 0x0a, 0x22, 0x5b, 0x22, 0x4e, 0x90, 0xd2, 0x3a, 0xda,
  0x39, 0xc9, 0x2d, 0xbb, 0x3e, 0x28, 0x0d, 0x6d, 0xf0, 0xe1, 0x32, 0x46,
  0x85, 0x80, 0xed, 0xf9, 0x1d, 0xa6, 0x08, 0x96, 0x29, 0xc6, 0xb1, 0xb5,
  0x66, 0x78, 0x75, 0x1d, 0x78, 0xcd, 0xc9, 0x0c, 0x9e, 0x55, 0x4f, 0xfb,
  0x5d, 0x52, 0x13, 0x66, 0x55, 0xbf, 0x43, 0xa5, 0x98, 0xd3, 0x62, 0x02,
  0xc9, 0xca, 0x57, 0x4e, 0xfa, 0x6d, 0x3b, 0x2e, 0x82, 0x37, 0x64, 0x20,
  0x86, 0x63, 0xc0, 0x95, 0x6c, 0x36, 0xc8, 0x84, 0xd2, 0x93, 0xd0, 0x44,
  0x25, 0x3f, 0x86, 0xf6, 0x75, 0xee, 0x20, 0xad, 0x3e, 0x1b, 0xa8, 0x64,
  0xca, 0x4c, 0x28, 0xda, 0x4a, 0xa2, 0x8f, 0x96, 0xe2, 0x0e, 0x63, 0xe1,
  0xd8, 0x7b, 0x23, 0x09, 0x7a, 0x9d, 0x4e, 0xac, 0x02, 0x9c, 0x01, 0xf3,
  0x18, 0xe1, 0x67, 0xe2, 0xd1, 0xe4, 0x77, 0x74, 0xf0, 0xc6, 0x24, 0xea,
  0x18, 0xde, 0x02, 0x98, 0x87, 0x08, 0x37, 0x0d, 0x1b, 0x6e, 0x89, 0x63,
  0xe1, 0x87, 0xd9, 0xc5, 0x05, 0xf0, 0x70, 0xa9, 0xf6, 0x08, 0xef, 0x02,
  0x83, 0x41, 0x88, 0xfe, 0xbc, 0xed, 0xa4, 0xae, 0xea, 0x14, 0x05, 0xb7,
  0x29, 0x57, 0x1b, 0xe8, 0x4b, 0x5d, 0xc7, 0x27, 0xc2, 0x43, 0x0a, 0x7b,
  0x3a, 0x9b, 0x79, 0xcf, 0x25, 0x51, 0x98, 0x97, 0x6b, 0xfd, 0x9c, 0x0d,
  0xbe, 0xcc, 0xa6, 0xfe, 0xb3, 0xf2, 0xaa, 0x97, 0xcd, 0x63, 0x97, 0x47,
  0xe6, 0x53, 0xec, 0x31, 0x5d, 0x01, 0xa1, 0x8a, 0xf3, 0xe1, 0xcf, 0xe8,
  0xcb, 0x30, 0xe4, 0x15, 0x65, 0x27, 0x48, 0x59, 0xf7, 0x82, 0xb7, 0xc2,
  0x4d, 0xf1, 0xc3, 0x38, 0x3b, 0x0f, 0x4e, 0xab, 0x7a, 0x19, 0xba, 0x59,
  0x8f, 0x7a, 0xe1, 0x59, 0x74, 0x8b, 0xd6, 0xe6, 0x4d, 0xc9, 0xf2, 0x70,
  0xcb, 0x69, 0xf3, 0x8c, 0x01, 0xac, 0x49, 0xc9, 0x65, 0x6e, 0x50, 0xe0,
  0x52, 0xd1, 0xe7, 0xb2, 0x4d, 0x87, 0xcc, 0xc7, 0xa3, 0x7d, 0xf9, 0x55,
  0x64, 0xec, 0x83, 0x67, 0x8a, 0x4c, 0xd6, 0x56, 0x87, 0x4d, 0xec, 0xff,
  0xb0, 0xb5, 0xfd, 0xd3, 0xc7, 0x0f, 0x9f, 0x8d, 0x1d, 0xa3, 0x36, 0xcf,
  0x11, 0xc2, 0x26, 0xde, 0xb8, 0x7e, 0x3e, 0x3c, 0x38, 0x7c, 0x7b, 0xb4,
  0xfb, 0xb9, 0x31, 0x15, 0x13, 0x39, 0xc2, 0x8a, 0xe4, 0x7e, 0xb9, 0x36,
  0xf4, 0xc0, 0x8e, 0x73, 0x7e, 0x95, 0x7d, 0xb1, 0x3a, 0x16, 0x63, 0x0a,
  0xa3, 0x3a, 0x80, 0x91, 0xbf, 0xaf, 0x80, 0x76, 0x5b, 0xc0, 0x4f, 0x5c,
  0x0d, 0x91, 0x75, 0xe3, 0x14, 0x0e, 0xd6, 0xab, 0x9c, 0x15, 0xad, 0x29,
  0x54, 0xe6, 0x75, 0xdc, 0x40, 0x05, 0x56, 0xa6, 0x13, 0xdc, 0xb8, 0x49,
  0xc8, 0x72, 0x73, 0x68, 0x34, 0x10, 0x60, 0xbc, 0x42, 0x98, 0x2a, 0x77,
  0x60, 0x22, 0xc4, 0x55, 0x8e, 0xf3, 0x29, 0x39, 0x69, 0x0b, 0x2d, 0x34,
  0x92, 0xa1, 0xb5, 0xf2, 0x5a, 0x45, 0x47, 0x3e, 0xe4, 0x77, 0x77, 0xdd,
  0x57, 0x2b, 0xaf, 0x57, 0xd7, 0x81, 0x9c, 0x17, 0xc9, 0x2f, 0xbc, 0x2e,
  0xc5, 0x1d, 0x1a, 0xcc, 0x57, 0xd7, 0x07, 0x78, 0xb6, 0x48, 0x2c, 0x42,
  0x04, 0x91, 0xd7, 0x09, 0x0c, 0xaf, 0xb4, 0xe1, 0x2b, 0x86, 0xd3, 0x2d,
  0x90, 0xd4, 0x60, 0x4e, 0x73, 0x60, 0xb5, 0xda, 0xca, 0xd6, 0x64, 0xad,
  0x16, 0x9e, 0xbd, 0x92, 0xef, 0xda, 0x52, 0x4d, 0x54, 0x47, 0x31, 0x27,
  0x9f, 0xa0, 0xbc, 0x4d, 0x92, 0xe3, 0xa3, 0x96, 0x51, 0x84, 0x83, 0x89,
  0xa1, 0xb1, 0xab, 0x0c, 0xb5, 0xb7, 0xa0, 0xc3, 0xbb, 0xdf, 0xdd, 0xb9,
  0xcc, 0x63, 0x19, 0x3e, 0x3d, 0x5f, 0x24, 0x5d, 0xe8, 0xa1, 0x4c, 0x93,
  0x76, 0x6f, 0x07, 0xf4, 0x65, 0x0b, 0x2d, 0x9f, 0xcf, 0x61, 0xd9, 0x93,
  0xac, 0x6c, 0xc9, 0x2d, 0xbd, 0x80, 0xfe, 0xad, 0x17, 0x70, 0x10, 0x31,
  0xb4, 0xb5, 0xa3, 0x27, 0xc9, 0x9e, 0xdd, 0xdd, 0x2d, 0x94, 0x18, 0xd1,
  0xf6, 0x92, 0x97, 0xf4, 0x53, 0x37, 0x5b, 0xaa, 0x8f, 0x89, 0x4e, 0x47,
  0x58, 0x1f, 0xe0, 0xae, 0x33, 0xe7, 0x86, 0x35, 0xa9, 0xed, 0x6c, 0x6f,
  0x17, 0x46, 0xb6, 0x97, 0x95, 0x72, 0xa0, 0xca, 0x04, 0x4c, 0x0e, 0x41,
  0xa5, 0x12, 0x44, 0x43, 0x38, 0xf9, 0x49, 0x99, 0xbb, 0xd3, 0x44, 0x3e,
  0xa1, 0x05, 0x59, 0x0a, 0x23, 0x75, 0x0c, 0xf2, 0xfc, 0x06, 0xd0, 0xed,
  0xe2, 0x39, 0x21, 0x07, 0x81, 0x6b, 0x25, 0xb7, 0x08, 0xb1, 0x5e, 0xe2,
  0xaa, 0xe7, 0x4a, 0xb4, 0x45, 0xf7, 0x4a, 0x23, 0x96, 0x0f, 0xc5, 0x25,
  0x20, 0x8d, 0xea, 0xd4, 0xb7, 0x95, 0xe3, 0x7e, 0xe4, 0x9b, 0x5b, 0x0a,
  0x4c, 0xa2, 0x47, 0xa9, 0x86, 0x3e, 0xa0, 0x59, 0xa9, 0x55, 0xc4, 0xd2,
  0x77, 0xc3, 0x13, 0x19, 0x09, 0xef, 0x1d, 0xea, 0x37, 0x67, 0xed, 0x22,
  0x9b, 0x50, 0x22, 0x4e, 0x99, 0x14, 0x14, 0x4e, 0x6a, 0x38, 0x66, 0x01,
  0x17, 0xda, 0x23, 0x56, 0x1c, 0x5e, 0xa7, 0x2a, 0x4f, 0x71, 0x7b, 0x00,
  0x12, 0x55, 0x50, 0x59, 0x07, 0x94, 0xa3, 0xeb, 0x53, 0xdc, 0x52, 0xf3,
  0x53, 0x68, 0x61, 0x5b, 0x32, 0x73, 0x9a, 0xb5, 0xf0, 0xe4, 0xc7, 0x79,
  0xd3, 0xbd, 0x11, 0xb6, 0x97, 0x3e, 0xfc, 0x33, 0x61, 0x89, 0x4d, 0xf8,
  0x25, 0x51, 0x78, 0x96, 0x3e, 0xbc, 0x0c, 0x29, 0x02, 0xe1, 0x33, 0x94,
  0x0f, 0x47, 0x36, 0xc1, 0x90, 0x5b, 0x1f, 0x30, 0x14, 0x0e, 0x65, 0x3b,
  0x85, 0xbb, 0xa3, 0xfc, 0x86, 0x61, 0x4b, 0x7d, 0x9f, 0x39, 0x1c, 0x06,
  0x19, 0x06, 0xc0, 0xc2, 0x9b, 0x2e, 0xa5, 0x61, 0x74, 0x1b, 0x7e, 0x9e,
  0x82, 0x71, 0xae, 0x05, 0x8e, 0xc3, 0x9a, 0xa8, 0xeb, 0xce, 0x4d, 0x57,
  0xbf, 0xdd, 0x47, 0x2f, 0xa4, 0xa2, 0x00, 0x0e, 0x16, 0xb0, 0xad, 0x61,
  0xfb, 0xd3, 0xad, 0x80, 0x50, 0x41, 0xd4, 0x0e, 0x32, 0x4b, 0x29, 0x6e,
  0xa7, 0x30, 0x16, 0x1c, 0xc0, 0xb3, 0x46, 0xe5, 0x6f, 0xb9, 0xb4, 0xd7,
  0x03, 0x59, 0xb0, 0x28, 0x93, 0x12, 0x58, 0x9f, 0x32, 0x1b, 0xb2, 0xc2,
  0x83, 0xff, 0x19, 0xf7, 0x22, 0x64, 0x14, 0x80, 0x09, 0x64, 0x40, 0xf8,
  0xda, 0xde, 0xb6, 0x14, 0x76, 0x34, 0x77, 0x23, 0x36, 0xc0, 0x40, 0x11,
  0x75, 0xfb, 0x12, 0x98, 0x0d, 0x87, 0xfb, 0x99, 0x7d, 0x24, 0xac, 0x8d,
  0xb3, 0xcb, 0x0f, 0x6c, 0x56, 0xf0, 0x21, 0x45, 0x72, 0x0d, 0x54, 0xe4,
  0x41, 0xb4, 0xd6, 0xb6, 0xc2, 0x0d, 0x86, 0x9a, 0xb1, 0x79, 0x1d, 0x46,
  0x50, 0x65, 0x3f, 0x49, 0x55, 0x78, 0x4b, 0x0c, 0x8c, 0x87, 0x69, 0x03,
  0xc3, 0x08, 0x38, 0xa8, 0x75, 0xfd, 0x4d, 0x5d, 0xf9, 0xe8, 0x17, 0xca,
  0x1b, 0xa9, 0xc4, 0xf8, 0x9b, 0x64, 0x43, 0x0f, 0x9f, 0x7c, 0xcc, 0x13,
  0x2b, 0x4d, 0x20, 0xa7, 0x4b, 0x08, 0xa9, 0x04, 0x66, 0xf0, 0x8e, 0x63,
  0x04, 0x9d, 0x0d, 0x8c, 0xc2, 0x4f, 0xdf, 0xc4, 0x73, 0xab, 0xe7, 0x6a,
  0x3c, 0x74, 0xcb, 0xae, 0x90, 0x8b, 0xa9, 0x7f, 0x8d, 0x11, 0xd3, 0x29,
  0xb2, 0x70, 0x67, 0x98, 0x8f, 0x9d, 0x82, 0x67, 0x3b, 0x9f, 0xd8, 0x55,
  0x52, 0x88, 0x6f, 0x28, 0xdb, 0x26, 0x4e, 0x94, 0xa1, 0x4a, 0xbe, 0x21,
  0x63, 0xf6, 0x68, 0xe0, 0x60, 0x84, 0x5a, 0xaf, 0x12, 0x12, 0xb1, 0xb4,
  0xed, 0x24, 0x45, 0x05, 0xb4, 0x2b, 0xab, 0x65, 0x63, 0xb0, 0x4c, 0x10,
  0x4b, 0x11, 0xca, 0x53, 0x81, 0xa2, 0x32, 0x75, 0xdb, 0xb0, 0x75, 0x20,
  0x7c, 0x1f, 0xd4, 0xa5, 0xcd, 0xad, 0x34, 0x24, 0xa5, 0xe7, 0xe3, 0x6c,
  0x96, 0x63, 0x74, 0xe3, 0x20, 0x28, 0xe8, 0x97, 0x48, 0xd0, 0x6b, 0xbe,
  0x04, 0x46, 0xb2, 0xe0, 0x54, 0x1f, 0xe1, 0x0f, 0x38, 0x41, 0x45, 0x50,
  0x80, 0xc2, 0x48, 0xd8, 0x01, 0x11, 0xc6, 0xcf, 0x32, 0xe5, 0x00, 0xc9,
  0x05, 0x94, 0x82, 0x9c, 0x5c, 0x04, 0xf5, 0x6d, 0xcd, 0xda, 0x53, 0x6e,
  0x24, 0x31, 0xc6, 0x93, 0x15, 0xe8, 0x06, 0xb0, 0x8d, 0xfc, 0x53, 0xfc,
  0x7a, 0x86, 0x46, 0x6e, 0x76, 0xba, 0x47, 0x99, 0xb3, 0x90, 0x52, 0x57,
  0x02, 0xcd, 0x11, 0xc3, 0x06, 0xce, 0x5b, 0x6e, 0x45, 0x21, 0xb7, 0xde,
  0xab, 0xf7, 0xf5, 0xa1, 0x0a, 0x2d, 0x6a, 0x84, 0xc5, 0x9c, 0xce, 0xc4,
  0xda, 0x1a, 0x3f, 0x10, 0x3c, 0x00, 0x68, 0xca, 0x20, 0x9a, 0x8b, 0x80,
  0x20, 0x40, 0x71, 0xd0, 0xb6, 0x3b, 0x6c, 0xbc, 0x0a, 0xb3, 0xe0, 0xdd,
  0xf0, 0x15, 0x39, 0x19, 0x31, 0x22, 0x13, 0xab, 0x88, 0x02, 0x88, 0x5d,
  0x58, 0xe5, 0xde, 0x01, 0x2f, 0x32, 0xc6, 0xf8, 0xd0, 0x72, 0xec, 0x42,
  0x34, 0x75, 0x87, 0x8f, 0x26, 0xcc, 0x11, 0x9e, 0x0e, 0x54, 0x34, 0x5c,
  0x6b, 0xaa, 0x1f, 0x9f, 0x9e, 0xe9, 0x48, 0x47, 0x73, 0xc3, 0x27, 0x05,
  0xb9, 0xc4, 0x7f, 0x8a, 0x2b, 0xac, 0xa2, 0x2e, 0xad, 0xc9, 0x08, 0xcb,
  0x72, 0xc9, 0x22, 0xcb, 0x4b, 0x37, 0x0f, 0x37, 0x03, 0xd8, 0x87, 0x8f,
  0xdb, 0x35, 0x9b, 0x34, 0x61, 0x18, 0xcd, 0x47, 0xe4, 0x20, 0x0c, 0x17,
  0x17, 0x1b, 0x92, 0x49, 0xb2, 0xa8, 0xb3, 0x1e, 0x58, 0x77, 0x25, 0xd4,
  0x9d, 0xbc, 0x1a, 0x09, 0xa3, 0x27, 0x3b, 0xd2, 0x19, 0xcf, 0x9c, 0x7e,
  0x60, 0x43, 0x08, 0x83, 0x2d, 0x4c, 0x0b, 0x37, 0xbf, 0xf5, 0xa4, 0xf8,
  0x3d, 0x48, 0x6a, 0x30, 0xa3, 0xc5, 0x45, 0xc3, 0xc6, 0x88, 0xc8, 0x24,
  0xfa, 0xb1, 0x9d, 0xcf, 0xd2, 0x14, 0x08, 0x59, 0x84, 0xf4, 0x61, 0x5e,
  0x53, 0x51, 0xc1, 0xf9, 0x10, 0xdb, 0xda, 0x46, 0xd7, 0x9c, 0x20, 0xa7,
  0x7c, 0xa9, 0x11, 0x26, 0xaa, 0x2c, 0x37, 0x17, 0x92, 0xe2, 0x48, 0x34,
  0x41, 0x9d, 0xb1, 0x88, 0xe2, 0x1b, 0xf5, 0x1b, 0xdf, 0xe2, 0xd0, 0xeb,
  0x5d, 0x93, 0xab, 0xa3, 0xc9, 0xfe, 0x2c, 0x3c, 0x8a, 0xd0, 0x88, 0x40,
  0xbf, 0xc2, 0x36, 0xf0, 0x0d, 0x36, 0x2b, 0xf3, 0x7e, 0xe1, 0x32, 0x01,
  0x55, 0x16, 0x76, 0x13, 0x57, 0x2d, 0x7f, 0x49, 0x75, 0x80, 0x92, 0x43,
  0x56, 0x70, 0x3c, 0x29, 0xdb, 0xc2, 0x2b, 0x4d, 0x00, 0x0c, 0xd8, 0x1e,
  0x15, 0x5f, 0xc3, 0x24, 0x50, 0xc9, 0x43, 0x3b, 0x61, 0x18, 0xb6, 0xe9,
  0x06, 0xa7, 0xcc, 0x61, 0x89, 0xa8, 0x0b, 0x15, 0xcb, 0xcf, 0xf4, 0x13,
  0x94, 0x56, 0x93, 0x76, 0x14, 0xcc, 0x1c, 0xaf, 0x19, 0x49, 0xf3, 0x5f,
  0x1b, 0x5b, 0x25, 0xaf, 0xa7, 0x93, 0xfd, 0x8b, 0xe0, 0x9d, 0xeb, 0x48,
  0x15, 0x2e, 0x85, 0xc0, 0x26, 0x50, 0x4d, 0xb2, 0xe4, 0x9f, 0x59, 0x39,
  0xe9, 0xa9, 0x8e, 0x39, 0x80, 0xde, 0xc0, 0x9a, 0xdf, 0xaf, 0xcd, 0x23,
  0x08, 0x39, 0xed, 0xa8, 0x30, 0x6a, 0xda, 0x49, 0x32, 0x1c, 0x73, 0x32,
  0xec, 0x53, 0x29, 0xb9, 0xeb, 0xfa, 0x1c, 0x8d, 0x49, 0x91, 0xe5, 0xb9,
  0xd7, 0x48, 0x5a, 0xa7, 0x33, 0x24, 0xcd, 0x09, 0x62, 0x28, 0x44, 0x29,
  0xae, 0xb8, 0x59, 0xbd, 0x0e, 0x35, 0x5f, 0x80, 0x33, 0x29, 0x66, 0x85,
  0x55, 0x1f, 0x8d, 0x06, 0x2f, 0x8b, 0x50, 0xe8, 0xf7, 0x65, 0xba, 0xa9,
  0x39, 0x6d, 0x5b, 0x8d, 0x96, 0xe1, 0x63, 0xbe, 0x14, 0x35, 0xff, 0x8e,
  0xb9, 0x3e, 0x14, 0x94, 0x94, 0xf4, 0x71, 0xc7, 0x0c, 0xec, 0xf5, 0xdb,
  0x3c, 0x32, 0x10, 0x19, 0x4a, 0x3d, 0x49, 0xac, 0x0f, 0x5d, 0xf8, 0xc3,
  0x84, 0x5d, 0x8a, 0xa8, 0x83, 0xf6, 0x17, 0xe4, 0x10, 0xd8, 0x70, 0x87,
  0x5f, 0xc1, 0xea, 0x22, 0x26, 0x48, 0x40, 0xcc, 0x07, 0xb0, 0x20, 0x7f,
  0x1a, 0xb6, 0xf5, 0x84, 0xae, 0x06, 0xbc, 0xd2, 0xc0, 0xe9, 0xa9, 0x16,
  0xc5, 0x14, 0x74, 0x8b, 0x79, 0xcc, 0x9a, 0xe7, 0x27, 0xb2, 0xa5, 0xd6,
  0x28, 0x5f, 0x4e, 0x5e, 0x80, 0x64, 0xee, 0x6c, 0xba, 0x16, 0xd5, 0x80,
  0xb2, 0xf4, 0x64, 0xf7, 0xe2, 0xb2, 0x65, 0xee, 0x10, 0xa6, 0x63, 0xd9,
  0x7f, 0x1e, 0x0a, 0xb1, 0x3c, 0x8f, 0xfc, 0x63, 0xc5, 0x02, 0x02, 0x31,
  0x9f, 0x0d, 0x51, 0x1c, 0x5f, 0x5c, 0x74, 0x2f, 0xf2, 0x35, 0x21, 0xcb,
  0x4d, 0xc7, 0xd3, 0xb1, 0x30, 0x9b, 0x7f, 0x06, 0x3e, 0xfd, 0x02, 0x04,
  0x47, 0xe3, 0x13, 0x6c, 0xe4, 0x5f, 0x04, 0x01, 0xd2, 0xbe, 0x10, 0x2a,
  0x6b, 0xad, 0x6e, 0x1c, 0x0b, 0xe0, 0x0e, 0x37, 0xf3, 0x85, 0x7d, 0x44,
  0x79, 0x2c, 0x63, 0x2d, 0xcb, 0x31, 0x19, 0x04, 0x77, 0xb3, 0xd3, 0x47,
  0xed, 0xa2, 0x56, 0xf7, 0xd6, 0x07, 0xf1, 0x77, 0x40, 0x24, 0x51, 0xf9,
  0x34, 0x05, 0xe2, 0x85, 0x7f, 0xf6, 0x34, 0xcd, 0x0c, 0x9e, 0xae, 0xc6,
  0xae, 0x30, 0x11, 0x38, 0xfe, 0xa9, 0x55, 0xbb, 0x9d, 0x0f, 0xe7, 0x64,
  0x3a, 0x64, 0x37, 0x06, 0xd2, 0xb1, 0x81, 0x1b, 0x7d, 0x51, 0x06, 0x00,
  0x7d, 0x58, 0xeb, 0x20, 0xb1, 0xcf, 0x0f, 0xc9, 0x6f, 0x17, 0xa7, 0x3a,
  0x15, 0x4e, 0xe7, 0x2c, 0x3c, 0x0b, 0xdb, 0xd7, 0x9c, 0x7f, 0x81, 0x8a,
  0xc5, 0x3f, 0xc6, 0xdd, 0xf5, 0x75, 0xfd, 0xad, 0x7b, 0x16, 0x2a, 0x13,
  0xe3, 0xda, 0x26, 0xe9, 0xc6, 0x71, 0x90, 0xe8, 0x7a, 0x1b, 0x1b, 0x76,
  0xa5, 0xc5, 0x2e, 0xc6, 0x17, 0x67, 0xf9, 0x17, 0x98, 0x93, 0x32, 0x2e,
  0xca, 0xf9, 0x05, 0x9c, 0xf2, 0xa3, 0x0f, 0x62, 0x00, 0x07, 0x20, 0x3f,
  0x04, 0xf6, 0x18, 0x9e, 0x31, 0x65, 0x38, 0x80, 0xea, 0xc8, 0x75, 0x84,
  0x97, 0x2a, 0x06, 0xaf, 0xa0, 0x8c, 0xee, 0xe1, 0xba, 0x09, 0xaf, 0xa8,
  0x19, 0x0b, 0xb3, 0x84, 0x09, 0xc2, 0x23, 0x70, 0xe6, 0x0a, 0xa3, 0x93,
  0xb0, 0x01, 0x8e, 0x04, 0xe9, 0x81, 0x9e, 0x4a, 0x62, 0xaf, 0x03, 0x1f,
  0x87, 0x51, 0xb7, 0x01, 0x0e, 0xf2, 0x98, 0x94, 0xe3, 0x2c, 0x9e, 0x46,
  0x12, 0x20, 0xe3, 0x80, 0x23, 0x0d, 0xbd, 0x37, 0xad, 0x2c, 0x79, 0x1c,
  0x35, 0x8d, 0x54, 0x9f, 0x1a, 0xda, 0x2c, 0xa3, 0x13, 0xb5, 0xdb, 0xed,
  0xa6, 0xa2, 0x3a, 0x2c, 0x7c, 0x32, 0x24, 0xde, 0x64, 0xa9, 0x1b, 0xf1,
  0x94, 0xc4, 0xc1, 0xfe, 0x42, 0x27, 0x22, 0xab, 0xb2, 0xf7, 0x22, 0x4a,
  0xfb, 0x2a, 0x08, 0x33, 0x0a, 0x07, 0xfa, 0xaf, 0x7a, 0x11, 0x6d, 0xbd,
  0xfe, 0xe9, 0xd9, 0xfd, 0xb3, 0xe7, 0xfd, 0x08, 0x41, 0xa3, 0x50, 0x06,
  0x86, 0x9e, 0xc9, 0x6b, 0x56, 0x5a, 0x79, 0x86, 0x2b, 0x8f, 0x8a, 0x02,
  0xe6, 0xfd, 0xc2, 0x73, 0x5c, 0xfb, 0x4d, 0xb2, 0x52, 0x10, 0x3a, 0x02,
  0x99, 0x8c, 0x74, 0x99, 0x1a, 0x68, 0xa9, 0x6c, 0x7a, 0xcf, 0x74, 0xce,
  0x30, 0xc4, 0x8f, 0xaa, 0xe3, 0xa9, 0xda, 0x2e, 0x47, 0x3c, 0x25, 0x1b,
  0x27, 0x65, 0x37, 0x44, 0xc9, 0xc7, 0x90, 0x19, 0x27, 0xd3, 0x56, 0x69,
  0x3e, 0xc4, 0x27, 0xe8, 0xdc, 0x26, 0xcc, 0xbc, 0xa5, 0xd8, 0x8a, 0xb7,
  0xb8, 0xc0, 0xfc, 0x65, 0x64, 0x3f, 0x3b, 0xcd, 0x1f, 0xfe, 0xfc, 0x15,
  0x58, 0x0f, 0x1d, 0x2c, 0x58, 0x08, 0xfe, 0x61, 0x5b, 0x48, 0xfe, 0x56,
  0xfb, 0x8d, 0x72, 0x3b, 0x59, 0xfe, 0xea, 0xe0, 0x36, 0xca, 0xc8, 0x48,
  0xbb, 0x4d, 0x3c, 0x4e, 0x23, 0x25, 0x1e, 0x83, 0x7c, 0x56, 0x57, 0x97,
  0xd2, 0xce, 0x09, 0x94, 0x91, 0x23, 0xe1, 0x89, 0xa1, 0x95, 0x84, 0xc6,
  0x15, 0x5e, 0x7d, 0x6e, 0xaa, 0x70, 0xe5, 0x6d, 0xc4, 0x45, 0x0c, 0xd4,
  0x4a, 0x2b, 0x73, 0x6c, 0xfd, 0xe6, 0x1b, 0x07, 0x22, 0x0a, 0x49, 0xfc,
  0x41, 0x3f, 0x00, 0xf9, 0x7f, 0xd6, 0x31, 0xdf, 0xc0, 0xe0, 0x90, 0xd9,
  0xd7, 0x73, 0x38, 0x1c, 0x62, 0xd6, 0x35, 0x76, 0xd5, 0x8f, 0x3e, 0xfa,
  0x1e, 0xb9, 0x3c, 0x3b, 0xb3, 0xad, 0x5b, 0x35, 0x0d, 0x99, 0xdf, 0xc7,
  0x34, 0x49, 0x75, 0x0f, 0x20, 0xdb, 0x54, 0xa0, 0x76, 0x6a, 0xb5, 0xab,
  0xe9, 0x06, 0x39, 0x7c, 0xe1, 0x7a, 0x04, 0x2a, 0xbc, 0xb1, 0xf9, 0x08,
  0xcd, 0x6d, 0xea, 0xf0, 0xa6, 0x7d, 0x15, 0xd8, 0x34, 0x6c, 0x6a, 0xe7,
  0x0b, 0xb5, 0x13, 0x37, 0x8d, 0xbc, 0xbe, 0x0e, 0x36, 0x9c, 0x9f, 0x73,
  0xcc, 0x5f, 0x68, 0x3a, 0xac, 0x36, 0x65, 0xdc, 0x44, 0x6a, 0xa9, 0xb3,
  0xc4, 0x3a, 0x9c, 0x2e, 0xa2, 0x54, 0x07, 0xda, 0xa1, 0x4b, 0x2a, 0x54,
  0x2a, 0xde, 0xdd, 0x09, 0x93, 0x13, 0x53, 0x0c, 0x4a, 0x44, 0x76, 0x74,
  0x2d, 0x0a, 0x2c, 0x4b, 0xb7, 0x35, 0x55, 0x00, 0xb2, 0x33, 0x00, 0x54,
  0xfd, 0xa5, 0x1d, 0x72, 0xcb, 0xbe, 0x37, 0xec, 0xf2, 0x95, 0xef, 0xc4,
  0x62, 0xbe, 0x05, 0x6e, 0x0d, 0xc7, 0x2a, 0x0c, 0x7c, 0x85, 0x00, 0x66,
  0x43, 0x21, 0xec, 0x57, 0x22, 0x65, 0x7d, 0xfb, 0x18, 0x9c, 0xfa, 0x76,
  0xba, 0x8f, 0xa8, 0x71, 0x04, 0xdd, 0xea, 0x00, 0x82, 0x34, 0x4e, 0x37,
  0x2d, 0xb0, 0xda, 0x98, 0xd7, 0x57, 0x8f, 0xdf, 0x32, 0x22, 0x0c, 0x26,
  0x9c, 0xba, 0x9d, 0x84, 0x6b, 0x8f, 0x1d, 0xb8, 0x7a, 0x95, 0x6f, 0xd9,
  0x63, 0x3c, 0x44, 0x6e, 0xe1, 0x67, 0x78, 0x26, 0x54, 0xfa, 0xe2, 0xb4,
  0x70, 0x97, 0x35, 0x99, 0x92, 0x4c, 0x25, 0xbf, 0xc1, 0x07, 0x1d, 0x0d,
  0xc0, 0xa7, 0x23, 0xa5, 0x5a, 0x5a, 0xd9, 0x07, 0x8a, 0x84, 0x20, 0xc5,
  0xdb, 0x3c, 0x9b, 0xbc, 0x1b, 0x4d, 0x26, 0x1a, 0x66, 0x6b, 0x3a, 0xe7,
  0x6d, 0xa2, 0xf0, 0x90, 0x48, 0xa1, 0xa4, 0xa1, 0xef, 0x30, 0xde, 0x84,
  0xf6, 0xec, 0x50, 0xe4, 0x72, 0x8d, 0xf8, 0x3a, 0x75, 0x7e, 0xc5, 0xc9,
  0xfd, 0xb3, 0xd9, 0x14, 0x67, 0x9a, 0xe2, 0x56, 0x94, 0x06, 0x98, 0x3e,
  0x02, 0xc1, 0x5f, 0xce, 0xb4, 0x5d, 0x03, 0x8b, 0x53, 0x6b, 0x6e, 0xbf,
  0x58, 0x2c, 0x9a, 0xb8, 0xe3, 0x7c, 0x9a, 0x4b, 0x8b, 0x30, 0xeb, 0x62,
  0x97, 0x00, 0xcc, 0x89, 0x85, 0x2d, 0x62, 0xf9, 0x97, 0xce, 0xfc, 0x54,
  0xc3, 0xf3, 0x56, 0xbe, 0xd6, 0x7a, 0x7c, 0xde, 0x9e, 0xa5, 0x09, 0x88,
  0x44, 0x7b, 0xc4, 0x06, 0x87, 0xe8, 0x4c, 0x2b, 0x0a, 0x08, 0x9e, 0x40,
  0x7d, 0xec, 0x97, 0x32, 0xf9, 0x4a, 0x01, 0x2c, 0xef, 0xbd, 0x18, 0x97,
  0xe1, 0xa6, 0x2d, 0xa6, 0x00, 0xdd, 0x45, 0x55, 0x0f, 0x26, 0xbe, 0x3b,
  0xb3, 0xb2, 0x3e, 0xa9, 0x26, 0xc3, 0x96, 0x79, 0x5b, 0x9a, 0xb7, 0xf2,
  0x52, 0xb9, 0x32, 0x0d, 0xe7, 0x00, 0x51, 0x65, 0xf1, 0x18, 0x01, 0x18,
  0x3e, 0xa1, 0x79, 0x49, 0xa6, 0x13, 0x19, 0xe2, 0x1a, 0x40, 0x45, 0x41,
  0x5c, 0x4a, 0xa1, 0x7f, 0x59, 0x4b, 0x50, 0x8b, 0x61, 0xa9, 0xb3, 0x0d,
  0x98, 0xaa, 0x1c, 0x0a, 0x21, 0xcf, 0x53, 0x6c, 0xea, 0xfd, 0x93, 0x6c,
  0xea, 0x24, 0x31, 0x6c, 0xaa, 0x14, 0x5c, 0x6c, 0xac, 0xc6, 0xc0, 0x25,
  0xd6, 0xda, 0x27, 0x71, 0xf0, 0xc8, 0xc2, 0x97, 0xb4, 0xf0, 0x66, 0x91,
  0x6d, 0x99, 0xc6, 0x5e, 0x52, 0x64, 0xba, 0xe5, 0x4c, 0xe5, 0x0a, 0x1a,
  0x82, 0xd3, 0x8d, 0x74, 0x14, 0xe9, 0xde, 0x6a, 0x27, 0x6a, 0xa6, 0x28,
  0xa8, 0x03, 0xf9, 0x46, 0x78, 0x94, 0x06, 0x1e, 0x3e, 0x72, 0xa9, 0xd6,
  0x9e, 0xd7, 0xc0, 0x41, 0xfe, 0x91, 0x3e, 0xaa, 0xec, 0x6c, 0xf5, 0x2f,
  0x30, 0xc4, 0xca, 0x87, 0xcd, 0x60, 0xce, 0x07, 0x57, 0x1f, 0x05, 0xdf,
  0x81, 0x83, 0x91, 0x86, 0x90, 0xa4, 0x73, 0x8a, 0x2d, 0x85, 0x98, 0xac,
  0x64, 0x4f, 0xb1, 0xa6, 0xa1, 0x8a, 0x9a, 0x40, 0x2f, 0xc1, 0x2c, 0xb5,
  0x04, 0x12, 0xb5, 0x1b, 0xa0, 0x50, 0xd6, 0x21, 0x06, 0x87, 0x86, 0x71,
  0xa6, 0xad, 0xcc, 0xa9, 0xea, 0x09, 0xdf, 0x97, 0xbe, 0xb2, 0x35, 0x98,
  0x08, 0xb7, 0xd8, 0x5a, 0x6d, 0xd7, 0x01, 0xbd, 0xaf, 0x9c, 0x8c, 0xaa,
  0x90, 0x7b, 0x5e, 0x48, 0x16, 0x83, 0xbc, 0xf6, 0x56, 0xd0, 0xb3, 0x68,
  0x10, 0x43, 0xae, 0xa4, 0x42, 0x08, 0x39, 0x45, 0xab, 0xec, 0xd3, 0xfc,
  0x18, 0xb1, 0x28, 0x82, 0x1d, 0x33, 0x0e, 0x59, 0xd5, 0x65, 0xad, 0xc7,
  0x25, 0xd1, 0x81, 0x25, 0xea, 0x2d, 0x9e, 0x73, 0x58, 0x1c, 0x3e, 0x23,
  0x63, 0x07, 0xd1, 0x30, 0xb9, 0x67, 0x90, 0x57, 0xce, 0x34, 0x27, 0xe5,
  0xf8, 0x0e, 0xbf, 0x60, 0xb3, 0x71, 0x49, 0x0e, 0x4b, 0xe2, 0x64, 0xf8,
  0x24, 0x3d, 0x66, 0xc3, 0xc7, 0x47, 0xbb, 0x73, 0xf8, 0x5e, 0xaa, 0xfb,
  0xf6, 0xc9, 0xc0, 0x48, 0x68, 0xe4, 0x6f, 0x85, 0xb6, 0x62, 0xc4, 0x81,
  0x9a, 0x4a, 0x7c, 0x13, 0x0f, 0x21, 0x99, 0x66, 0xd1, 0x79, 0xd3, 0x22,
  0x58, 0x01, 0xcc, 0x01, 0x25, 0x51, 0xc7, 0x16, 0x03, 0xc5, 0x99, 0x24,
  0x45, 0x71, 0x82, 0x1f, 0xa9, 0x14, 0xd6, 0x10, 0x4e, 0x41, 0xba, 0x0c,
  0xa9, 0xfb, 0x4d, 0xdb, 0x78, 0x9d, 0x30, 0xa2, 0x63, 0xd0, 0xed, 0x65,
  0xd3, 0x1f, 0x62, 0xa4, 0xba, 0xbe, 0xfc, 0x4e, 0x9d, 0x8e, 0x5a, 0x17,
  0xd7, 0x98, 0xd8, 0xe8, 0x8b, 0xd5, 0x5c, 0x53, 0xac, 0x10, 0xd7, 0x1d,
  0x49, 0x17, 0xc5, 0x57, 0xd2, 0xa7, 0x98, 0xa4, 0x4b, 0xfd, 0xc1, 0x38,
  0x92, 0x47, 0x64, 0x42, 0x2f, 0xec, 0x73, 0xac, 0x02, 0xb6, 0xc1, 0x4e,
  0x44, 0x86, 0x18, 0xd2, 0xb2, 0x0f, 0x0a, 0x10, 0x76, 0x8a, 0xbb, 0x0e,
  0xa1, 0xc4, 0x0f, 0xec, 0x02, 0x8e, 0xe9, 0xdf, 0x9a, 0xb1, 0xe1, 0xa8,
  0xdb, 0x62, 0x58, 0xdf, 0x2a, 0xd6, 0x58, 0xb0, 0x03, 0xf1, 0x22, 0x96,
  0x6e, 0x06, 0x95, 0x81, 0x86, 0xb9, 0x87, 0xa5, 0xc8, 0xd7, 0xa4, 0x78,
  0x45, 0x03, 0x2b, 0x65, 0x8c, 0x54, 0x35, 0xbb, 0x90, 0xb7, 0xfa, 0x98,
  0x73, 0x76, 0xc2, 0x8b, 0x89, 0x7b, 0xbb, 0x6e, 0x5d, 0xf7, 0xb6, 0xfd,
  0xfb, 0x48, 0x5d, 0xf0, 0xb5, 0xa6, 0x78, 0xb9, 0x68, 0x83, 0x01, 0xe6,
  0xa8, 0xef, 0x1c, 0xe3, 0x05, 0xfd, 0xd3, 0xec, 0x2d, 0x7b, 0xe4, 0xfa,
  0xf3, 0x26, 0x88, 0xad, 0x65, 0x06, 0x3b, 0x08, 0xc6, 0x87, 0x6f, 0xe0,
  0x87, 0xd5, 0x09, 0xb9, 0xdc, 0x54, 0xf0, 0xe3, 0x56, 0xdd, 0x0f, 0xa2,
  0xbb, 0x96, 0xb9, 0x6f, 0x74, 0xcc, 0xaf, 0xed, 0x26, 0xb2, 0xe9, 0x4d,
  0xb5, 0x85, 0x94, 0x5d, 0x21, 0x95, 0xcb, 0xc8, 0x98, 0x67, 0x4a, 0xc9,
  0x3a, 0xda, 0xd7, 0x39, 0xb0, 0xa7, 0xa4, 0xcc, 0xd6, 0xf7, 0x8f, 0xe2,
  0x12, 0xef, 0x0f, 0xe8, 0xb5, 0x56, 0x13, 0x78, 0x8f, 0xf8, 0x25, 0x86,
  0x48, 0x04, 0xe9, 0x73, 0x9a, 0x58, 0xce, 0x5e, 0x8f, 0x8b, 0xac, 0x54,
  0xd8, 0x08, 0xaa, 0xf7, 0x8e, 0x1d, 0xa3, 0x05, 0xc8, 0x8a, 0xe1, 0x28,
  0x6f, 0x2b, 0xf4, 0x27, 0x40, 0x4a, 0xf3, 0x47, 0x19, 0x78, 0xdb, 0xaa,
  0xd6, 0x68, 0xe8, 0xde, 0x54, 0x39, 0x6f, 0xe8, 0x53, 0xde, 0xb2, 0x3e,
  0x82, 0xa0, 0x98, 0xfa, 0xca, 0xb6, 0x3f, 0x22, 0x37, 0x29, 0xa7, 0xed,
  0x7e, 0x30, 0x1f, 0x89, 0xc5, 0xe5, 0xf8, 0x1c, 0x44, 0x7e, 0xdc, 0x4e,
  0x0e, 0x2d, 0xaf, 0xd0, 0x1c, 0x47, 0x6c, 0xc0, 0x9c, 0x9f, 0x67, 0x99,
  0x3d, 0x73, 0x61, 0x24, 0xc5, 0x85, 0x1d, 0xac, 0xf4, 0x44, 0x73, 0x07,
  0x86, 0xba, 0x11, 0x69, 0x5b, 0x80, 0xb6, 0x4f, 0x55, 0x1f, 0x29, 0xd9,
  0xe2, 0x5c, 0xa7, 0xa8, 0x2d, 0x63, 0x9a, 0x80, 0x36, 0x4f, 0x73, 0xdc,
  0x9f, 0xde, 0x92, 0xd9, 0xa2, 0x71, 0x75, 0x8a, 0x1c, 0x8f, 0x9b, 0x6f,
  0x1a, 0xad, 0x76, 0xe3, 0x68, 0x1a, 0x2d, 0xc6, 0x0f, 0x52, 0xcd, 0xd6,
  0x87, 0x7c, 0x91, 0x8d, 0xc7, 0xd9, 0xb5, 0xf2, 0xfd, 0x99, 0x33, 0x48,
  0x80, 0xee, 0x54, 0x2b, 0x6c, 0x2a, 0x8e, 0x17, 0xee, 0xf0, 0x87, 0xe2,
  0xe0, 0x28, 0xbe, 0x75, 0x02, 0x53, 0x66, 0x69, 0x21, 0x6b, 0x53, 0x40,
  0xec, 0x36, 0x4d, 0x3f, 0x0a, 0x77, 0xa0, 0xad, 0xdf, 0x02, 0x73, 0x6c,
  0x39, 0x90, 0xbb, 0xd5, 0xb9, 0x50, 0x57, 0xef, 0x1c, 0xe7, 0x28, 0x19,
  0x11, 0x71, 0xc8, 0xaf, 0x90, 0x52, 0x48, 0x9e, 0xc6, 0x9a, 0xaa, 0x73,
  0x83, 0xe1, 0x94, 0xad, 0x50, 0x15, 0x03, 0x13, 0x33, 0xd5, 0xc7, 0x89,
  0x8c, 0xd5, 0x98, 0xa2, 0x5d, 0xf8, 0x3e, 0x8c, 0x1e, 0xa5, 0x2f, 0x35,
  0x00, 0x1c, 0x7a, 0xe7, 0x79, 0x76, 0x8d, 0xce, 0xf0, 0xd2, 0x98, 0x39,
  0xf9, 0x0a, 0xcb, 0x2b, 0xe8, 0x0c, 0xa9, 0xdd, 0x28, 0x60, 0x17, 0x10,
  0x02, 0xe6, 0x71, 0xf1, 0x1a, 0x9d, 0x25, 0x26, 0xee, 0x4a, 0x03, 0x1f,
  0xbe, 0x87, 0x57, 0xe7, 0x70, 0x7e, 0x08, 0xbf, 0x45, 0x18, 0xdc, 0x55,
  0x8b, 0xae, 0x75, 0x6c, 0x96, 0x89, 0x14, 0x6d, 0x09, 0x90, 0x14, 0xba,
  0x33, 0xc1, 0x2b, 0x0b, 0xcb, 0x1b, 0x57, 0xc2, 0x97, 0x2b, 0xe6, 0x00,
  0xfd, 0x55, 0xd3, 0xac, 0x00, 0xb6, 0xab, 0x38, 0x4e, 0xd9, 0xb4, 0x18,
  0x65, 0x25, 0x79, 0xc8, 0x35, 0x39, 0xc3, 0x0a, 0xdf, 0xd6, 0x7b, 0x5b,
  0xed, 0x77, 0x7b, 0x0f, 0xdb, 0xbd, 0xcb, 0x57, 0xc3, 0xfa, 0xe0, 0x50,
  0xf3, 0x6c, 0x5d, 0x07, 0xd3, 0x58, 0xcd, 0x8b, 0x47, 0x46, 0xac, 0x1c,
  0xe7, 0xeb, 0x57, 0xb8, 0x52, 0x55, 0xb8, 0xd0, 0xc5, 0xb8, 0x5e, 0x41,
  0x6e, 0x6e, 0x7e, 0xd1, 0xab, 0xcf, 0x09, 0xa7, 0xd6, 0x59, 0xc7, 0xb0,
  0x68, 0xe8, 0xf9, 0x51, 0xec, 0xf3, 0x0b, 0x34, 0xee, 0x68, 0xb5, 0x9c,
  0x37, 0x20, 0x93, 0x2e, 0x74, 0x90, 0xa9, 0xc2, 0xbc, 0x1a, 0x12, 0xa3,
  0x80, 0x21, 0x96, 0xb7, 0xc9, 0x30, 0x65, 0x69, 0x42, 0xf6, 0x85, 0xdf,
  0x14, 0xc1, 0x2f, 0xea, 0x4e, 0xba, 0xa8, 0xf6, 0x62, 0xbe, 0x9c, 0xf2,
  0xb3, 0xf6, 0x58, 0x75, 0x55, 0x7f, 0x6d, 0xfa, 0x5b, 0x5c, 0x9c, 0xc2,
  0x5c, 0x4b, 0x7d, 0xcf, 0x8d, 0x8e, 0xbf, 0x08, 0xc3, 0x95, 0x26, 0x18,
  0xfe, 0x45, 0x00, 0x5c, 0x5c, 0x5c, 0x48, 0x24, 0x6f, 0x3f, 0x7f, 0xf5,
  0xc5, 0x31, 0x02, 0xe5, 0x8e, 0x47, 0x6c, 0xca, 0xad, 0xa5, 0x02, 0x79,
  0x4c, 0xff, 0x46, 0x73, 0x1d, 0xfd, 0x70, 0x77, 0x67, 0x7e, 0x2b, 0xc5,
  0xaa, 0x55, 0xd4, 0xfa, 0x68, 0xb9, 0x99, 0xbb, 0x52, 0x49, 0x69, 0x18,
  0xac, 0x39, 0x8a, 0xd8, 0xca, 0xc5, 0x17, 0x89, 0xec, 0x98, 0xe7, 0x96,
  0xee, 0xf7, 0xd1, 0xf7, 0x47, 0x25, 0x79, 0x8c, 0x4b, 0xf1, 0x17, 0x0e,
  0x37, 0x61, 0xa4, 0xa0, 0x64, 0x26, 0x67, 0x99, 0xb1, 0x94, 0xb5, 0xe8,
  0xd2, 0xec, 0xfe, 0x58, 0xbc, 0x8a, 0x4b, 0xe7, 0x31, 0x42, 0x7b, 0x72,
  0x63, 0x7e, 0xc0, 0xc9, 0x20, 0x26, 0x68, 0x82, 0x10, 0xa5, 0xb8, 0x0d,
  0x9a, 0xb0, 0xa6, 0xb2, 0xb4, 0x70, 0xd2, 0xd6, 0x0c, 0x0e, 0x2a, 0xd2,
  0x5c, 0x18, 0x36, 0x6e, 0xa9, 0x97, 0x80, 0x0f, 0xf7, 0xe1, 0xda, 0xff,
  0x0f, 0xc9, 0xa4, 0x24, 0x2a, 0xb4, 0xe5, 0x00, 0x00
};
unsigned int index_js_len = 19101;
